item	director
1237	nm0000005
5147	nm0000005
7327	nm0000005
2068	nm0000005
7396	nm0000005
7820	nm0000005
4422	nm0000005
7939	nm0000005
7938	nm0000005
7941	nm0000005
7937	nm0000005
2131	nm0000005
34155	nm0000005
7936	nm0000005
7940	nm0000005
7577	nm0000005
7942	nm0000005
8405	nm0000005
7328	nm0000005
1251	nm0000019
8154	nm0000019
7234	nm0000019
7089	nm0000019
2351	nm0000019
8848	nm0000019
7067	nm0000019
4283	nm0000019
4282	nm0000019
904	nm0000033
1219	nm0000033
908	nm0000033
903	nm0000033
1333	nm0000033
2186	nm0000033
1086	nm0000033
930	nm0000033
928	nm0000033
933	nm0000033
2176	nm0000033
965	nm0000033
2183	nm0000033
2203	nm0000033
2208	nm0000033
931	nm0000033
2206	nm0000033
2202	nm0000033
2212	nm0000033
2184	nm0000033
2181	nm0000033
2178	nm0000033
929	nm0000033
2210	nm0000033
2221	nm0000033
2227	nm0000033
2204	nm0000033
2182	nm0000033
2180	nm0000033
2177	nm0000033
2205	nm0000033
2185	nm0000033
2187	nm0000033
3022	nm0000036
25750	nm0000036
25769	nm0000036
8609	nm0000036
25764	nm0000036
7074	nm0000036
3232	nm0000036
8275	nm0000036
899	nm0000037
3606	nm0000037
8999	nm0000037
6732	nm0000037
1258	nm0000040
1206	nm0000040
1222	nm0000040
750	nm0000040
924	nm0000040
2712	nm0000040
2728	nm0000040
1178	nm0000040
2729	nm0000040
2730	nm0000040
2726	nm0000040
2727	nm0000040
2019	nm0000041
5291	nm0000041
3030	nm0000041
1217	nm0000041
6669	nm0000041
7766	nm0000041
7925	nm0000041
2905	nm0000041
3091	nm0000041
7926	nm0000041
3470	nm0000041
5498	nm0000041
7924	nm0000041
26064	nm0000041
7919	nm0000041
8740	nm0000041
26222	nm0000041
6270	nm0000041
3066	nm0000041
4441	nm0000045
4444	nm0000045
1941	nm0000059
25901	nm0000059
7338	nm0000059
2731	nm0000076
6305	nm0000076
2732	nm0000076
7135	nm0000076
6271	nm0000076
7136	nm0000076
4840	nm0000076
26360	nm0000076
26170	nm0000076
4042	nm0000078
6394	nm0000078
923	nm0000080
1248	nm0000080
25940	nm0000080
5177	nm0000080
25927	nm0000080
6460	nm0000080
33072	nm0000080
30701	nm0000080
2848	nm0000080
26002	nm0000080
1230	nm0000095
41285	nm0000095
1244	nm0000095
86882	nm0000095
60950	nm0000095
1077	nm0000095
6993	nm0000095
2973	nm0000095
7934	nm0000095
2065	nm0000095
348	nm0000095
1078	nm0000095
52	nm0000095
3814	nm0000095
1701	nm0000095
492	nm0000095
2750	nm0000095
5339	nm0000095
7983	nm0000095
3129	nm0000095
3813	nm0000095
1057	nm0000095
57147	nm0000095
2356	nm0000095
32291	nm0000095
3812	nm0000095
1963	nm0000095
3618	nm0000095
4393	nm0000095
4409	nm0000095
46967	nm0000095
6750	nm0000095
103980	nm0000095
80864	nm0000095
2290	nm0000095
6100	nm0000095
4628	nm0000095
6584	nm0000095
4392	nm0000095
69604	nm0000095
4733	nm0000095
5348	nm0000095
95201	nm0000095
113225	nm0000095
1527	nm0000108
293	nm0000108
1249	nm0000108
1216	nm0000108
50162	nm0000108
3053	nm0000108
47725	nm0000108
111360	nm0000108
497	nm0000110
86332	nm0000110
1411	nm0000110
1224	nm0000110
3044	nm0000110
273	nm0000110
3045	nm0000110
55278	nm0000110
108188	nm0000110
1051	nm0000114
55205	nm0000114
8495	nm0000114
589	nm0000116
1240	nm0000116
1200	nm0000116
1721	nm0000116
72998	nm0000116
1127	nm0000116
380	nm0000116
2288	nm0000118
1982	nm0000118
1129	nm0000118
3699	nm0000118
3726	nm0000118
2517	nm0000118
1128	nm0000118
26603	nm0000118
3740	nm0000118
4553	nm0000118
407	nm0000118
26285	nm0000118
2328	nm0000118
4735	nm0000118
332	nm0000118
6734	nm0000118
849	nm0000118
3462	nm0000122
1281	nm0000122
3307	nm0000122
3629	nm0000122
3310	nm0000122
3632	nm0000122
3559	nm0000122
8511	nm0000122
3306	nm0000122
39292	nm0000123
89804	nm0000123
58839	nm0000123
108928	nm0000123
590	nm0000126
6617	nm0000126
1726	nm0000126
1407	nm0000127
1347	nm0000127
35957	nm0000127
4541	nm0000127
5569	nm0000127
50912	nm0000127
5588	nm0000127
1717	nm0000127
3273	nm0000127
366	nm0000127
7930	nm0000127
32011	nm0000127
86295	nm0000127
2996	nm0000127
428	nm0000134
49822	nm0000134
30707	nm0000142
64614	nm0000142
6870	nm0000142
1266	nm0000142
4855	nm0000142
50068	nm0000142
3508	nm0000142
105	nm0000142
48783	nm0000142
2921	nm0000142
1711	nm0000142
507	nm0000142
4803	nm0000142
6809	nm0000142
63062	nm0000142
3827	nm0000142
72733	nm0000142
6078	nm0000142
4479	nm0000142
2401	nm0000142
1459	nm0000142
2561	nm0000142
4957	nm0000142
33036	nm0000142
4947	nm0000142
6812	nm0000142
81512	nm0000142
5506	nm0000142
90719	nm0000142
2476	nm0000142
114662	nm0000142
4787	nm0000149
86852	nm0000149
57	nm0000149
94466	nm0000149
110	nm0000154
48304	nm0000154
7318	nm0000154
491	nm0000154
27002	nm0000158
7502	nm0000158
1042	nm0000158
87522	nm0000158
4995	nm0000165
150	nm0000165
33660	nm0000165
832	nm0000165
2407	nm0000165
64620	nm0000165
2100	nm0000165
3526	nm0000165
2518	nm0000165
2193	nm0000165
3107	nm0000165
3988	nm0000165
45447	nm0000165
68554	nm0000165
2567	nm0000165
6950	nm0000165
371	nm0000165
2374	nm0000165
3259	nm0000165
104913	nm0000165
41863	nm0000169
85213	nm0000169
1250	nm0000180
1204	nm0000180
2067	nm0000180
25923	nm0000180
2927	nm0000180
8341	nm0000180
7087	nm0000180
7585	nm0000180
31374	nm0000180
260	nm0000184
33493	nm0000184
3363	nm0000184
6645	nm0000184
2628	nm0000184
5378	nm0000184
4848	nm0000186
2076	nm0000186
2313	nm0000186
1464	nm0000186
2966	nm0000186
3676	nm0000186
7044	nm0000186
49932	nm0000186
2021	nm0000186
3262	nm0000186
5294	nm0000200
37739	nm0000200
36	nm0000209
1171	nm0000209
3145	nm0000209
48516	nm0000217
1213	nm0000217
111	nm0000217
16	nm0000217
74458	nm0000217
30812	nm0000217
1228	nm0000217
5956	nm0000217
90866	nm0000217
8042	nm0000217
7419	nm0000217
6001	nm0000217
2474	nm0000217
2022	nm0000217
38304	nm0000217
5385	nm0000217
412	nm0000217
8838	nm0000217
1730	nm0000217
58879	nm0000217
2976	nm0000217
1343	nm0000217
106782	nm0000217
8755	nm0000217
4628	nm0000217
26391	nm0000217
1198	nm0000229
527	nm0000229
2028	nm0000229
480	nm0000229
1291	nm0000229
5445	nm0000229
5989	nm0000229
1097	nm0000229
2115	nm0000229
1387	nm0000229
3471	nm0000229
41997	nm0000229
4370	nm0000229
34048	nm0000229
2739	nm0000229
4103	nm0000229
90746	nm0000229
26242	nm0000229
3738	nm0000229
3489	nm0000229
1544	nm0000229
59615	nm0000229
26492	nm0000229
4564	nm0000229
8529	nm0000229
1693	nm0000229
98154	nm0000229
91126	nm0000229
7104	nm0000229
2409	nm0000230
2411	nm0000230
2410	nm0000230
57528	nm0000230
49651	nm0000230
79695	nm0000230
1090	nm0000231
288	nm0000231
3386	nm0000231
4007	nm0000231
4008	nm0000231
62437	nm0000231
46974	nm0000231
4407	nm0000231
4009	nm0000231
8977	nm0000231
1627	nm0000231
80590	nm0000231
3173	nm0000231
14	nm0000231
1093	nm0000231
95583	nm0000231
296	nm0000233
6874	nm0000233
1089	nm0000233
7438	nm0000233
32587	nm0000233
68157	nm0000233
1729	nm0000233
52281	nm0000233
53519	nm0000233
99114	nm0000233
18	nm0000233
56885	nm0000243
5955	nm0000243
1573	nm0000247
3265	nm0000247
1218	nm0000247
61026	nm0000247
26585	nm0000247
26681	nm0000247
7163	nm0000247
3623	nm0000247
95	nm0000247
5420	nm0000247
464	nm0000247
6387	nm0000247
68486	nm0000247
55290	nm0000255
80489	nm0000255
97304	nm0000255
5878	nm0000264
44694	nm0000264
3083	nm0000264
8973	nm0000264
3067	nm0000264
1844	nm0000264
72386	nm0000264
26599	nm0000264
7011	nm0000264
26527	nm0000264
1190	nm0000264
89118	nm0000264
567	nm0000264
617	nm0000264
7037	nm0000264
5060	nm0000265
5013	nm0000265
2289	nm0000265
535	nm0000265
45028	nm0000265
2511	nm0000265
2303	nm0000265
3093	nm0000265
8261	nm0000265
26313	nm0000265
2088	nm0000265
2583	nm0000265
305	nm0000265
2467	nm0000269
3412	nm0000269
3036	nm0000269
7010	nm0000269
4223	nm0000269
8534	nm0000269
1619	nm0000269
1293	nm0000277
7980	nm0000277
534	nm0000277
4095	nm0000277
6345	nm0000277
7618	nm0000277
1278	nm0000316
3671	nm0000316
2300	nm0000316
3033	nm0000316
12	nm0000316
520	nm0000316
2301	nm0000316
26386	nm0000316
8512	nm0000316
2291	nm0000318
592	nm0000318
7147	nm0000318
2174	nm0000318
30793	nm0000318
3081	nm0000318
37729	nm0000318
235	nm0000318
1377	nm0000318
56757	nm0000318
74789	nm0000318
3608	nm0000318
1391	nm0000318
4643	nm0000318
32840	nm0000318
97172	nm0000318
94478	nm0000318
6666	nm0000320
25771	nm0000320
154	nm0000320
4928	nm0000320
8620	nm0000320
8239	nm0000320
25963	nm0000320
25774	nm0000320
26318	nm0000320
4399	nm0000320
52528	nm0000320
49394	nm0000320
26547	nm0000329
2880	nm0000329
27032	nm0000329
2879	nm0000329
3972	nm0000329
42946	nm0000329
36850	nm0000329
858	nm0000338
1221	nm0000338
1208	nm0000338
2023	nm0000338
1339	nm0000338
3730	nm0000338
2114	nm0000338
2469	nm0000338
26485	nm0000338
4557	nm0000338
1672	nm0000338
4690	nm0000338
765	nm0000338
4628	nm0000338
2747	nm0000339
2784	nm0000339
4403	nm0000339
2782	nm0000339
2527	nm0000341
6990	nm0000341
3015	nm0000341
2826	nm0000341
37733	nm0000343
55118	nm0000343
2455	nm0000343
6774	nm0000343
7123	nm0000343
2118	nm0000343
6197	nm0000343
2551	nm0000343
5853	nm0000343
6748	nm0000343
89761	nm0000343
31270	nm0000343
7029	nm0000343
2600	nm0000343
1483	nm0000343
27373	nm0000345
237	nm0000345
648	nm0000361
4262	nm0000361
2194	nm0000361
431	nm0000361
1345	nm0000361
5712	nm0000361
4577	nm0000361
4932	nm0000361
3354	nm0000361
48142	nm0000361
26303	nm0000361
4789	nm0000361
2126	nm0000361
5809	nm0000361
7616	nm0000361
3130	nm0000361
837	nm0000362
4681	nm0000362
4333	nm0000362
5265	nm0000362
6997	nm0000362
6763	nm0000362
1719	nm0000382
233	nm0000382
39419	nm0000382
3055	nm0000382
76079	nm0000382
5817	nm0000382
780	nm0000386
316	nm0000386
8361	nm0000386
72378	nm0000386
1882	nm0000386
58293	nm0000386
2808	nm0000386
3753	nm0000386
90645	nm0000386
103339	nm0000386
5438	nm0000389
49280	nm0000389
87194	nm0000389
2959	nm0000399
47	nm0000399
80463	nm0000399
64957	nm0000399
51540	nm0000399
91658	nm0000399
5266	nm0000399
1625	nm0000399
112556	nm0000399
1320	nm0000399
3095	nm0000406
4406	nm0000406
3365	nm0000406
7072	nm0000406
3035	nm0000406
1226	nm0000406
7210	nm0000406
1935	nm0000406
25938	nm0000406
46803	nm0000406
5440	nm0000406
5826	nm0000406
8661	nm0000406
25916	nm0000406
8227	nm0000406
4401	nm0000406
1356	nm0000408
2393	nm0000408
53138	nm0000408
1136	nm0000416
32	nm0000416
6807	nm0000416
1199	nm0000416
1884	nm0000416
3108	nm0000416
2968	nm0000416
4467	nm0000416
69951	nm0000416
36401	nm0000416
4911	nm0000416
47465	nm0000416
4914	nm0000419
6023	nm0000419
680	nm0000419
7748	nm0000419
1572	nm0000419
7043	nm0000419
8738	nm0000419
7749	nm0000419
31930	nm0000419
1173	nm0000425
1554	nm0000425
3221	nm0000425
3223	nm0000425
8732	nm0000425
4500	nm0000425
7065	nm0000428
7243	nm0000428
6988	nm0000428
8958	nm0000431
4041	nm0000431
230	nm0000431
3998	nm0000431
1645	nm0000431
100108	nm0000431
26562	nm0000431
3206	nm0000431
3761	nm0000431
1617	nm0000436
3317	nm0000436
5810	nm0000436
38798	nm0000436
3249	nm0000436
87660	nm0000436
376	nm0000436
4017	nm0000438
61986	nm0000438
3168	nm0000454
4488	nm0000454
2918	nm0000455
1968	nm0000455
2144	nm0000455
4002	nm0000455
2134	nm0000455
4679	nm0000455
6558	nm0000455
34437	nm0000464
3328	nm0000464
714	nm0000464
1273	nm0000464
7460	nm0000464
1279	nm0000464
3521	nm0000464
3925	nm0000464
107771	nm0000464
69516	nm0000464
4973	nm0000466
29	nm0000466
1175	nm0000466
27721	nm0000466
76173	nm0000466
1690	nm0000466
1220	nm0000484
3421	nm0000484
3039	nm0000484
1321	nm0000484
26492	nm0000484
4079	nm0000484
3760	nm0000484
4489	nm0000484
2478	nm0000484
1772	nm0000484
26555	nm0000484
6424	nm0000484
420	nm0000484
2010	nm0000485
1260	nm0000485
5017	nm0000485
8670	nm0000485
25825	nm0000485
5169	nm0000485
4768	nm0000485
25911	nm0000485
3996	nm0000487
39183	nm0000487
17	nm0000487
1635	nm0000487
232	nm0000487
55253	nm0000487
7023	nm0000487
97938	nm0000487
3117	nm0000487
6534	nm0000487
70984	nm0000487
44199	nm0000490
5954	nm0000490
3424	nm0000490
3246	nm0000490
2702	nm0000490
159	nm0000490
4217	nm0000490
3426	nm0000490
3865	nm0000490
352	nm0000490
49917	nm0000490
1840	nm0000490
3943	nm0000490
6863	nm0000500
441	nm0000500
8638	nm0000500
27904	nm0000500
215	nm0000500
4873	nm0000500
6978	nm0000500
49347	nm0000500
72703	nm0000500
112290	nm0000500
34321	nm0000500
1454	nm0000500
100714	nm0000500
94896	nm0000500
4888	nm0000500
2427	nm0000517
3741	nm0000517
42418	nm0000517
2932	nm0000517
86898	nm0000517
1834	nm0000519
4037	nm0000519
59336	nm0000519
2611	nm0000519
4029	nm0000519
4889	nm0000519
7348	nm0000519
6	nm0000520
8798	nm0000520
1408	nm0000520
3006	nm0000520
69640	nm0000520
4210	nm0000520
5867	nm0000520
47044	nm0000520
5009	nm0000520
8196	nm0000540
390	nm0000540
1376	nm0000559
1375	nm0000559
5308	nm0000559
2140	nm0000568
2746	nm0000568
3809	nm0000568
4499	nm0000568
2770	nm0000568
53956	nm0000568
60	nm0000568
3398	nm0000568
1614	nm0000568
8373	nm0000568
4448	nm0000568
6999	nm0000568
4326	nm0000570
3060	nm0000570
3498	nm0000570
1416	nm0000570
3706	nm0000570
3342	nm0000570
4936	nm0000570
6798	nm0000570
1298	nm0000570
3179	nm0000570
6187	nm0000570
518	nm0000570
55247	nm0000576
4056	nm0000576
7918	nm0000576
78	nm0000576
7789	nm0000576
926	nm0000581
5120	nm0000581
3549	nm0000581
943	nm0000581
25952	nm0000581
4274	nm0000581
51678	nm0000581
3872	nm0000581
4420	nm0000581
7211	nm0000581
1233	nm0000583
2161	nm0000583
474	nm0000583
3755	nm0000583
292	nm0000583
7481	nm0000583
45442	nm0000583
7458	nm0000583
1608	nm0000583
5995	nm0000591
1252	nm0000591
2160	nm0000591
74545	nm0000591
3075	nm0000591
6530	nm0000591
6858	nm0000591
90430	nm0000591
4506	nm0000591
37736	nm0000591
229	nm0000591
7069	nm0000591
8923	nm0000591
3355	nm0000591
8928	nm0000591
42900	nm0000591
347	nm0000591
5349	nm0000600
8636	nm0000600
1261	nm0000600
52722	nm0000600
2391	nm0000600
68952	nm0000600
4020	nm0000600
6966	nm0000600
4105	nm0000600
1215	nm0000600
303	nm0000600
2861	nm0000600
101112	nm0000600
1265	nm0000601
3552	nm0000601
2795	nm0000601
40959	nm0000601
719	nm0000601
2539	nm0000601
5900	nm0000601
69436	nm0000601
3968	nm0000601
300	nm0000602
3100	nm0000602
1956	nm0000602
4523	nm0000602
55946	nm0000602
1727	nm0000602
88950	nm0000602
3978	nm0000602
800	nm0000626
4322	nm0000626
314	nm0000626
3090	nm0000626
3700	nm0000626
1187	nm0000626
2682	nm0000626
5447	nm0000626
3578	nm0000631
1214	nm0000631
541	nm0000631
5010	nm0000631
55765	nm0000631
3418	nm0000631
6708	nm0000631
33162	nm0000631
4572	nm0000631
5965	nm0000631
4148	nm0000631
94864	nm0000631
2143	nm0000631
1586	nm0000631
62374	nm0000631
86	nm0000631
77866	nm0000631
49130	nm0000631
8905	nm0000631
5012	nm0000659
3528	nm0000659
1353	nm0000659
1358	nm0000671
4031	nm0000671
2916	nm0000682
2985	nm0000682
1092	nm0000682
52042	nm0000682
7586	nm0000682
1676	nm0000682
3826	nm0000682
193	nm0000682
7307	nm0000682
2926	nm0000691
532	nm0000691
2361	nm0000691
7920	nm0000691
26680	nm0000691
2282	nm0000691
3858	nm0000691
5780	nm0000691
8872	nm0000691
4863	nm0000691
1211	nm0000694
1305	nm0000694
2677	nm0000694
6021	nm0000694
87004	nm0000694
1306	nm0000694
3920	nm0000694
4146	nm0000694
38701	nm0000694
910	nm0000697
922	nm0000697
3435	nm0000697
909	nm0000697
915	nm0000697
5008	nm0000697
3196	nm0000697
4359	nm0000697
3736	nm0000697
1938	nm0000697
6579	nm0000697
6581	nm0000697
937	nm0000697
3076	nm0000697
4186	nm0000697
8336	nm0000697
49200	nm0000697
6573	nm0000697
7093	nm0000697
356	nm0000709
1270	nm0000709
4022	nm0000709
2987	nm0000709
1584	nm0000709
2406	nm0000709
5125	nm0000709
3798	nm0000709
55995	nm0000709
2011	nm0000709
2012	nm0000709
8965	nm0000709
3258	nm0000709
72294	nm0000709
97923	nm0000709
2791	nm0000720
5500	nm0000720
5541	nm0000720
2463	nm0000720
466	nm0000720
2027	nm0000720
2944	nm0000736
3546	nm0000736
4220	nm0000736
6448	nm0000736
4426	nm0000736
26116	nm0000736
33126	nm0000736
22	nm0000750
6264	nm0000750
1689	nm0000750
2605	nm0000750
72228	nm0000750
2875	nm0000750
2285	nm0000755
53887	nm0000755
56782	nm0000759
3160	nm0000759
1673	nm0000759
5673	nm0000759
2952	nm0000759
96728	nm0000759
116799	nm0000759
3360	nm0000770
524	nm0000770
3788	nm0000774
8195	nm0000774
26094	nm0000774
4325	nm0000774
32792	nm0000774
26350	nm0000774
26237	nm0000774
7566	nm0000776
4508	nm0000776
3077	nm0000776
51471	nm0000776
52767	nm0000776
50658	nm0000776
26712	nm0000776
4835	nm0000776
6989	nm0000776
7039	nm0000776
82169	nm0000776
5316	nm0000776
50742	nm0000776
97673	nm0000776
3082	nm0000776
282	nm0000776
5387	nm0000776
33171	nm0000777
1529	nm0000777
56079	nm0000777
166	nm0000777
265	nm0000778
207	nm0000778
6954	nm0000780
4612	nm0000780
8933	nm0000780
4437	nm0000783
7115	nm0000783
6140	nm0000783
6803	nm0000783
41014	nm0000783
4794	nm0000783
3587	nm0000783
261	nm0000788
5011	nm0000788
4966	nm0000791
6561	nm0000791
3930	nm0000791
1235	nm0000797
1292	nm0000797
3200	nm0000797
3724	nm0000797
3099	nm0000797
50912	nm0000801
81817	nm0000801
4297	nm0000806
1873	nm0000806
1480	nm0000806
469	nm0000806
5666	nm0000812
482	nm0000812
1954	nm0000814
2420	nm0000814
2412	nm0000814
2422	nm0000814
2421	nm0000814
4616	nm0000814
8010	nm0000814
408	nm0000814
1271	nm0000816
61697	nm0000816
53207	nm0000816
140	nm0000816
6979	nm0000824
5693	nm0000824
4545	nm0000824
89	nm0000824
3705	nm0000824
5553	nm0000824
8268	nm0000824
227	nm0000824
26464	nm0000824
5944	nm0000829
1792	nm0000829
494	nm0000829
5002	nm0000835
2116	nm0000835
7228	nm0000835
31150	nm0000835
3917	nm0000850
7951	nm0000850
177	nm0000850
7991	nm0000860
5940	nm0000860
38886	nm0000876
74916	nm0000876
56274	nm0000876
102800	nm0000876
72	nm0000876
3205	nm0000878
3832	nm0000878
53996	nm0000881
69526	nm0000881
1917	nm0000881
34319	nm0000881
4310	nm0000881
733	nm0000881
145	nm0000881
6548	nm0000881
87520	nm0000881
112370	nm0000881
102033	nm0000881
1883	nm0000886
2779	nm0000886
2929	nm0000886
2616	nm0000886
4661	nm0000887
5237	nm0000887
5642	nm0000887
1833	nm0000887
490	nm0000887
100	nm0000887
1264	nm0000894
7042	nm0000894
2324	nm0000905
2593	nm0000905
48032	nm0000905
4205	nm0000907
921	nm0000907
4526	nm0000907
2375	nm0000907
276	nm0000907
691	nm0000907
489	nm0000907
1955	nm0000914
281	nm0000914
3111	nm0000914
6927	nm0000914
1791	nm0000914
55255	nm0000914
1962	nm0000915
3811	nm0000915
2070	nm0000915
4688	nm0000915
2881	nm0000915
5947	nm0000915
54736	nm0000916
8937	nm0000916
60074	nm0000916
6764	nm0000916
2387	nm0000916
107069	nm0000916
94018	nm0000916
6974	nm0000921
361	nm0000921
3614	nm0000921
762	nm0000921
1960	nm0000934
7265	nm0000934
7008	nm0000934
2925	nm0000934
26359	nm0000934
365	nm0000934
781	nm0000934
69481	nm0000941
198	nm0000941
3727	nm0000941
98961	nm0000941
5479	nm0000941
4351	nm0000941
299	nm0000944
2560	nm0000944
38061	nm0000948
102125	nm0000948
6724	nm0000953
3152	nm0000953
8880	nm0000953
6533	nm0000953
7647	nm0000953
6727	nm0000953
377	nm0000957
2719	nm0000957
736	nm0000957
1556	nm0000957
6564	nm0000957
2871	nm0000958
2872	nm0000958
26172	nm0000958
4117	nm0000958
4234	nm0000958
2425	nm0000958
2370	nm0000958
7817	nm0000958
778	nm0000965
63082	nm0000965
6502	nm0000965
81562	nm0000965
52328	nm0000965
319	nm0000965
27790	nm0000965
3285	nm0000965
1658	nm0000965
101741	nm0000965
8684	nm0000975
26052	nm0000975
26151	nm0000975
7301	nm0000975
44657	nm0000975
4085	nm0000976
3104	nm0000976
3252	nm0000976
2340	nm0000976
3358	nm0000983
4276	nm0000983
1414	nm0000983
2829	nm0000983
1784	nm0000985
1958	nm0000985
2243	nm0000985
27808	nm0000985
82499	nm0000985
509	nm0001005
6671	nm0001005
71327	nm0001005
3127	nm0001005
1417	nm0001005
6885	nm0001005
953	nm0001008
954	nm0001008
1269	nm0001008
905	nm0001008
25827	nm0001008
1934	nm0001008
973	nm0001008
944	nm0001008
7071	nm0001023
7126	nm0001023
702	nm0001023
8602	nm0001023
50442	nm0001024
5108	nm0001024
8533	nm0001024
69712	nm0001024
110771	nm0001024
1194	nm0001045
4415	nm0001045
4834	nm0001045
1263	nm0001047
3769	nm0001047
608	nm0001053
1732	nm0001053
4027	nm0001053
55820	nm0001053
1394	nm0001053
61323	nm0001053
82459	nm0001053
1245	nm0001053
6440	nm0001053
3683	nm0001053
71464	nm0001053
50912	nm0001053
471	nm0001053
7367	nm0001053
6873	nm0001053
106766	nm0001053
608	nm0001054
1732	nm0001054
4027	nm0001054
55820	nm0001054
1394	nm0001054
61323	nm0001054
82459	nm0001054
1245	nm0001054
6440	nm0001054
3683	nm0001054
4881	nm0001054
71464	nm0001054
50912	nm0001054
471	nm0001054
7367	nm0001054
6873	nm0001054
106766	nm0001054
4896	nm0001060
5816	nm0001060
586	nm0001060
2133	nm0001060
40826	nm0001060
2953	nm0001060
3156	nm0001060
500	nm0001060
186	nm0001060
2432	nm0001060
74530	nm0001060
6711	nm0001068
3556	nm0001068
45880	nm0001068
81791	nm0001068
103137	nm0001068
3897	nm0001081
1393	nm0001081
2248	nm0001081
4975	nm0001081
3261	nm0001081
91653	nm0001081
39231	nm0001081
2231	nm0001093
5893	nm0001093
373	nm0001093
4821	nm0001093
54331	nm0001093
34536	nm0001093
2003	nm0001102
1130	nm0001102
7990	nm0001102
3024	nm0001102
2004	nm0001102
4121	nm0001102
1920	nm0001102
26492	nm0001102
7743	nm0001102
4079	nm0001102
6946	nm0001102
2072	nm0001102
318	nm0001104
56145	nm0001104
3147	nm0001104
4994	nm0001104
457	nm0001112
6297	nm0001112
1385	nm0001112
836	nm0001112
5093	nm0001112
4466	nm0001112
1892	nm0001112
48412	nm0001112
3089	nm0001120
6611	nm0001120
4424	nm0001120
3808	nm0001120
593	nm0001129
508	nm0001129
8781	nm0001129
2859	nm0001129
7478	nm0001129
4410	nm0001129
2247	nm0001129
43910	nm0001129
2988	nm0001129
62344	nm0001129
514	nm0001130
4239	nm0001130
94	nm0001130
6327	nm0001130
2587	nm0001130
176	nm0001139
79073	nm0001139
2000	nm0001149
2005	nm0001149
2640	nm0001149
1350	nm0001149
2641	nm0001149
43936	nm0001149
3479	nm0001149
1597	nm0001149
3087	nm0001149
6959	nm0001149
1918	nm0001149
2001	nm0001149
368	nm0001149
2002	nm0001149
23	nm0001149
4929	nm0001149
7030	nm0001149
2316	nm0001162
1541	nm0001162
62265	nm0001162
902	nm0001175
6662	nm0001175
1125	nm0001175
7073	nm0001175
1081	nm0001175
5004	nm0001175
4802	nm0001175
4263	nm0001175
1083	nm0001175
3394	nm0001175
6663	nm0001175
8596	nm0001175
6658	nm0001175
3742	nm0001178
7756	nm0001178
539	nm0001188
70293	nm0001188
1409	nm0001188
33836	nm0001188
2424	nm0001188
6509	nm0001202
31522	nm0001202
6126	nm0001202
5763	nm0001202
3272	nm0001206
1785	nm0001206
426	nm0001206
25	nm0001214
7791	nm0001214
27002	nm0001219
5046	nm0001219
6879	nm0001219
1620	nm0001219
81	nm0001219
62799	nm0001219
4814	nm0001219
1095	nm0001226
4043	nm0001226
662	nm0001226
6322	nm0001226
1006	nm0001226
52456	nm0001226
1193	nm0001232
1225	nm0001232
3174	nm0001232
1120	nm0001232
26422	nm0001232
5847	nm0001232
5145	nm0001232
5142	nm0001232
5646	nm0001232
52448	nm0001232
2278	nm0001239
1267	nm0001239
7062	nm0001239
3634	nm0001239
5062	nm0001239
26148	nm0001239
880	nm0001239
3316	nm0001239
3481	nm0001241
2020	nm0001241
47629	nm0001241
6552	nm0001241
1179	nm0001241
5367	nm0001241
26838	nm0001241
3547	nm0001241
106438	nm0001241
42018	nm0001241
92	nm0001241
2252	nm0001241
1997	nm0001243
1953	nm0001243
7040	nm0001243
53127	nm0001243
6219	nm0001243
3513	nm0001243
77846	nm0001243
95761	nm0001243
1916	nm0001252
27664	nm0001252
477	nm0001270
1995	nm0001270
79	nm0001270
3698	nm0001274
3270	nm0001274
414	nm0001274
71429	nm0001281
93855	nm0001281
47970	nm0001282
80939	nm0001282
2570	nm0001282
4231	nm0001282
3911	nm0001302
1449	nm0001302
6296	nm0001302
49220	nm0001302
1887	nm0001302
2722	nm0001317
8369	nm0001317
47952	nm0001317
1971	nm0001317
8815	nm0001317
1047	nm0001317
1370	nm0001317
434	nm0001317
4265	nm0001317
70361	nm0001317
57401	nm0001317
15	nm0001317
7193	nm0001317
1236	nm0001325
1904	nm0001325
149	nm0001325
4183	nm0001325
1284	nm0001328
955	nm0001328
951	nm0001328
25788	nm0001328
4329	nm0001328
7215	nm0001328
4356	nm0001328
31116	nm0001328
7070	nm0001328
2660	nm0001328
25868	nm0001328
7212	nm0001328
32160	nm0001328
2847	nm0001328
5397	nm0001328
3487	nm0001328
4704	nm0001328
5812	nm0001331
56286	nm0001331
190	nm0001331
2337	nm0001331
86487	nm0001331
101895	nm0001338
6703	nm0001338
2490	nm0001338
4299	nm0001338
1967	nm0001345
2140	nm0001345
3397	nm0001345
34542	nm0001348
7063	nm0001348
53550	nm0001348
2970	nm0001348
5489	nm0001348
60333	nm0001348
5059	nm0001348
5121	nm0001348
5056	nm0001348
3002	nm0001348
37545	nm0001348
31547	nm0001348
3202	nm0001348
72405	nm0001348
85394	nm0001348
26616	nm0001348
43897	nm0001348
90943	nm0001348
1234	nm0001351
1304	nm0001351
4280	nm0001351
8690	nm0001351
2796	nm0001351
6032	nm0001351
5292	nm0001351
6480	nm0001351
5049	nm0001353
5859	nm0001353
3190	nm0001353
7802	nm0001353
41136	nm0001353
996	nm0001353
4010	nm0001353
5027	nm0001353
4531	nm0001353
8119	nm0001353
43	nm0001355
73027	nm0001355
2622	nm0001355
605	nm0001355
3712	nm0001355
5873	nm0001355
1994	nm0001361
2459	nm0001361
31502	nm0001361
2377	nm0001361
2460	nm0001361
913	nm0001379
969	nm0001379
1254	nm0001379
1303	nm0001379
3334	nm0001379
3364	nm0001379
3685	nm0001379
7944	nm0001379
4429	nm0001379
6450	nm0001379
4428	nm0001379
970	nm0001379
5986	nm0001379
4039	nm0001379
8731	nm0001379
6478	nm0001379
6461	nm0001379
5796	nm0001379
5915	nm0001379
2311	nm0001382
3113	nm0001382
379	nm0001382
4443	nm0001382
26398	nm0001382
879	nm0001382
27618	nm0001382
9	nm0001382
2457	nm0001382
3197	nm0001382
4756	nm0001382
4993	nm0001392
7153	nm0001392
5952	nm0001392
41569	nm0001392
247	nm0001392
1241	nm0001392
4624	nm0001392
4350	nm0001392
98809	nm0001392
106489	nm0001392
799	nm0001392
1255	nm0001392
72731	nm0001392
118696	nm0001392
1136	nm0001402
1080	nm0001402
6807	nm0001402
4591	nm0001402
7355	nm0001402
1094	nm0001403
55080	nm0001403
3125	nm0001403
2349	nm0001403
5797	nm0001403
253	nm0001403
40955	nm0001403
1699	nm0001403
991	nm0001403
6279	nm0001403
74488	nm0001403
98361	nm0001403
2336	nm0001408
55274	nm0001408
5611	nm0001408
71823	nm0001408
2352	nm0001410
2917	nm0001410
7027	nm0001410
4464	nm0001410
2112	nm0001410
6250	nm0001410
236	nm0001410
383	nm0001410
2883	nm0001410
6614	nm0001410
1945	nm0001415
1104	nm0001415
949	nm0001415
3038	nm0001415
3330	nm0001415
1940	nm0001415
32369	nm0001415
25918	nm0001415
307	nm0001425
306	nm0001425
308	nm0001425
1176	nm0001425
8656	nm0001425
26587	nm0001425
38159	nm0001425
8844	nm0001425
6118	nm0001425
8370	nm0001429
1809	nm0001429
26840	nm0001429
8327	nm0001429
8012	nm0001429
4640	nm0001429
32196	nm0001429
2843	nm0001437
665	nm0001437
2931	nm0001437
8254	nm0001437
39768	nm0001437
1594	nm0001438
2165	nm0001438
5527	nm0001438
47810	nm0001438
3893	nm0001438
6341	nm0001438
61705	nm0001438
77191	nm0001438
1876	nm0001460
3969	nm0001460
1616	nm0001460
66691	nm0001460
1201	nm0001466
2951	nm0001466
3681	nm0001466
1209	nm0001466
1227	nm0001466
7894	nm0001466
1961	nm0001469
3448	nm0001469
1747	nm0001469
3098	nm0001469
3543	nm0001469
6797	nm0001469
4174	nm0001469
1395	nm0001469
1779	nm0001469
2253	nm0001469
225	nm0001469
1061	nm0001469
4844	nm0001469
3078	nm0001469
77837	nm0001469
2414	nm0001469
48593	nm0001469
7448	nm0001469
1203	nm0001486
3362	nm0001486
3504	nm0001486
3735	nm0001486
55805	nm0001486
8879	nm0001486
7560	nm0001486
3068	nm0001486
5938	nm0001486
3789	nm0001486
4537	nm0001486
8650	nm0001486
3734	nm0001486
44197	nm0001486
3101	nm0001490
5364	nm0001490
3476	nm0001490
2025	nm0001490
2269	nm0001490
2942	nm0001490
3707	nm0001490
8128	nm0001501
5772	nm0001501
32179	nm0001501
2130	nm0001501
47274	nm0001501
334	nm0001501
6961	nm0001501
8499	nm0001501
381	nm0001502
2497	nm0001502
33750	nm0001502
5612	nm0001502
4305	nm0001502
2797	nm0001508
3255	nm0001508
3105	nm0001508
516	nm0001508
4867	nm0001508
1363	nm0001508
2468	nm0001508
1036	nm0001532
1610	nm0001532
165	nm0001532
3527	nm0001532
2826	nm0001532
485	nm0001532
2763	nm0001532
6263	nm0001532
2822	nm0001532
7156	nm0001554
1189	nm0001554
6780	nm0001554
3182	nm0001554
1649	nm0001554
26400	nm0001554
5914	nm0001554
60341	nm0001554
40815	nm0001565
357	nm0001565
1466	nm0001565
1177	nm0001565
7154	nm0001565
56001	nm0001565
2598	nm0001565
78105	nm0001565
1247	nm0001566
8981	nm0001566
56788	nm0001566
2132	nm0001566
2245	nm0001566
1810	nm0001566
4349	nm0001566
38499	nm0001566
4809	nm0001566
3167	nm0001566
4318	nm0001566
382	nm0001566
141	nm0001566
4478	nm0001566
7572	nm0001566
6832	nm0001566
72308	nm0001579
6022	nm0001579
6787	nm0001587
1096	nm0001587
7018	nm0001587
1964	nm0001587
7792	nm0001587
2803	nm0001587
1488	nm0001587
6609	nm0001596
6599	nm0001596
7024	nm0001596
8739	nm0001596
599	nm0001603
6301	nm0001603
8016	nm0001603
7895	nm0001603
7896	nm0001603
7897	nm0001603
7889	nm0001603
3339	nm0001603
454	nm0001628
4361	nm0001628
2819	nm0001628
27821	nm0001628
1959	nm0001628
3074	nm0001628
5707	nm0001628
3194	nm0001628
3011	nm0001628
7	nm0001628
52967	nm0001631
102588	nm0001631
94931	nm0001631
1748	nm0001639
353	nm0001639
8644	nm0001639
67197	nm0001639
1197	nm0001661
1259	nm0001661
1307	nm0001661
1288	nm0001661
2268	nm0001661
3499	nm0001661
11	nm0001661
6636	nm0001661
1401	nm0001661
56587	nm0001661
42007	nm0001661
2961	nm0001661
6493	nm0001661
80586	nm0001661
6265	nm0001674
51903	nm0001674
32587	nm0001675
52281	nm0001675
54995	nm0001675
3267	nm0001675
4232	nm0001675
2428	nm0001675
5504	nm0001675
6566	nm0001675
70	nm0001675
163	nm0001675
18	nm0001675
6709	nm0001675
80219	nm0001675
113573	nm0001675
7045	nm0001676
5105	nm0001676
1419	nm0001676
6184	nm0001676
26231	nm0001676
65612	nm0001676
968	nm0001681
7387	nm0001681
33834	nm0001681
6731	nm0001681
3016	nm0001681
58332	nm0001681
6395	nm0001681
7492	nm0001681
4713	nm0001692
2877	nm0001692
26241	nm0001692
4518	nm0001692
2439	nm0001707
3649	nm0001707
1346	nm0001707
5680	nm0001707
3950	nm0001708
153	nm0001708
6281	nm0001708
4128	nm0001708
3686	nm0001708
1562	nm0001708
3020	nm0001708
30816	nm0001708
2505	nm0001708
805	nm0001708
350	nm0001708
3115	nm0001708
2146	nm0001708
6884	nm0001708
51086	nm0001708
5414	nm0001708
58162	nm0001710
87079	nm0001710
994	nm0001714
33358	nm0001714
555	nm0001716
69306	nm0001716
2353	nm0001716
7445	nm0001716
49278	nm0001716
3550	nm0001716
161	nm0001716
1101	nm0001716
4084	nm0001716
1100	nm0001716
7007	nm0001716
37382	nm0001716
782	nm0001716
4901	nm0001716
81782	nm0001716
6373	nm0001723
788	nm0001723
53993	nm0001723
5127	nm0001723
344	nm0001723
1485	nm0001723
2431	nm0001723
50	nm0001741
3793	nm0001741
6333	nm0001741
46530	nm0001741
64983	nm0001741
111362	nm0001741
2320	nm0001741
101025	nm0001741
33558	nm0001747
1592	nm0001747
4963	nm0001752
4034	nm0001752
3408	nm0001752
8984	nm0001752
53322	nm0001752
1186	nm0001752
1912	nm0001752
5881	nm0001752
89470	nm0001752
71211	nm0001752
2912	nm0001752
64499	nm0001752
64501	nm0001752
38188	nm0001752
483	nm0001752
68324	nm0001752
1546	nm0001752
92008	nm0001752
7003	nm0001752
50064	nm0001752
100383	nm0001752
95449	nm0001752
102819	nm0001752
2318	nm0001754
562	nm0001754
5074	nm0001754
33138	nm0001754
21	nm0001756
410	nm0001756
1580	nm0001756
5459	nm0001756
2124	nm0001756
2701	nm0001756
4774	nm0001756
94777	nm0001756
45208	nm0001756
61132	nm0001774
784	nm0001774
372	nm0001774
4816	nm0001774
106918	nm0001774
1966	nm0001775
417	nm0001775
1836	nm0001775
3503	nm0001789
1232	nm0001789
26150	nm0001789
3415	nm0001789
32892	nm0001789
26578	nm0001789
7759	nm0001789
2802	nm0001801
2237	nm0001801
1704	nm0001814
63876	nm0001814
6890	nm0001814
3019	nm0001814
45	nm0001814
1611	nm0001814
53447	nm0001814
50912	nm0001814
2389	nm0001814
34326	nm0001814
6162	nm0001814
4019	nm0001814
1682	nm0001837
1246	nm0001837
6947	nm0001837
1674	nm0001837
5747	nm0001837
2919	nm0001837
1913	nm0001837
448	nm0001837
2734	nm0001837
4927	nm0001837
6238	nm0001837
83369	nm0001837
2648	nm0001843
1340	nm0001843
3932	nm0001843
53919	nm0001843
1888	nm0001845
8869	nm0001845
4	nm0001845
529	nm0001873
2433	nm0001873
48326	nm0001873
3668	nm0001874
3028	nm0001874
3723	nm0001874
613	nm0001874
2436	nm0001874
2791	nm0001878
3868	nm0001878
3869	nm0001878
5500	nm0001878
2463	nm0001878
6888	nm0001878
44972	nm0001878
2060	nm0001878
6687	nm0001878
49530	nm0001880
1242	nm0001880
647	nm0001880
65216	nm0001880
2262	nm0001880
7143	nm0001880
2334	nm0001880
266	nm0001880
82167	nm0001880
7371	nm0001885
3910	nm0001885
1354	nm0001885
8930	nm0001885
50842	nm0001885
7134	nm0001885
86320	nm0001885
6971	nm0001885
69134	nm0001885
3569	nm0001885
7505	nm0001885
39869	nm0001885
108727	nm0001885
108981	nm0001885
1088	nm0001915
3247	nm0001915
5309	nm0001915
3405	nm0001928
3658	nm0001928
1131	nm0001945
1132	nm0001945
29	nm0001988
1175	nm0001988
151	nm0001994
49265	nm0001994
6436	nm0001994
1687	nm0001994
7101	nm0001994
5563	nm0001994
8493	nm0001994
44759	nm0001994
5475	nm0002020
6101	nm0002020
6454	nm0002020
6041	nm0002020
46156	nm0002020
919	nm0002030
920	nm0002030
914	nm0002030
898	nm0002030
7121	nm0002030
906	nm0002030
25850	nm0002030
4921	nm0002030
3341	nm0002030
927	nm0002030
25996	nm0002030
7705	nm0002030
25795	nm0002030
25833	nm0002030
8153	nm0002030
912	nm0002031
940	nm0002031
8600	nm0002031
8167	nm0002031
2612	nm0002031
32469	nm0002031
6856	nm0002031
25866	nm0002031
7058	nm0002031
3675	nm0002031
58295	nm0002044
43396	nm0002044
4033	nm0002044
3505	nm0002044
4000	nm0002044
196	nm0002044
6059	nm0002044
1438	nm0002044
4487	nm0002044
899	nm0002045
911	nm0002045
6785	nm0002045
901	nm0002045
3606	nm0002045
7708	nm0002045
26178	nm0002045
4798	nm0002045
8989	nm0002045
3545	nm0002080
2971	nm0002080
5341	nm0002080
6862	nm0002083
3728	nm0002083
2272	nm0002083
164	nm0002083
5282	nm0002083
3970	nm0002086
5165	nm0002086
4826	nm0002087
7335	nm0002087
8126	nm0002087
26119	nm0002087
2983	nm0002089
2643	nm0002089
2815	nm0002089
26271	nm0002089
337	nm0002120
4014	nm0002120
3148	nm0002120
1300	nm0002120
52375	nm0002120
37475	nm0002120
73290	nm0002120
42015	nm0002120
5016	nm0002120
93740	nm0002120
74688	nm0002120
195	nm0002120
100527	nm0002120
113275	nm0002120
39	nm0002132
3210	nm0002132
2794	nm0002132
4621	nm0002132
7701	nm0002132
3616	nm0002132
5568	nm0002132
26425	nm0002137
26375	nm0002137
4296	nm0002137
6840	nm0002137
4662	nm0002137
8190	nm0002137
7250	nm0002137
6517	nm0002137
8651	nm0002137
531	nm0002140
6235	nm0002140
45668	nm0002159
7456	nm0002159
3062	nm0002175
1017	nm0002175
32721	nm0002175
7394	nm0002175
5470	nm0002190
7086	nm0002190
34482	nm0002190
73344	nm0002191
34148	nm0002191
5516	nm0002191
97024	nm0002191
6786	nm0002199
7459	nm0002199
4179	nm0002199
26504	nm0002207
2902	nm0002207
5839	nm0002216
5840	nm0002216
3593	nm0002337
1430	nm0002337
1076	nm0002338
2097	nm0002338
7178	nm0002338
47950	nm0002339
75341	nm0002339
3018	nm0002340
7984	nm0002340
26819	nm0002340
27402	nm0002340
46572	nm0002340
2936	nm0002545
2935	nm0002545
2937	nm0002545
25947	nm0002545
31347	nm0002545
25905	nm0002545
38384	nm0002545
2501	nm0002653
2054	nm0002653
88140	nm0002653
2	nm0002653
2094	nm0002653
4638	nm0002653
558	nm0002653
74452	nm0002653
7324	nm0002653
2321	nm0002657
6565	nm0002657
91500	nm0002657
78774	nm0002718
5665	nm0002718
71033	nm0002728
5607	nm0002728
327	nm0003080
1973	nm0003080
34	nm0003088
50160	nm0003088
3896	nm0003160
99112	nm0003160
8199	nm0003226
8188	nm0003226
8131	nm0003289
73106	nm0003289
8477	nm0003408
6123	nm0003408
653	nm0003418
60937	nm0003418
34334	nm0003418
4369	nm0003418
5507	nm0003418
5055	nm0003418
798	nm0003418
3484	nm0003418
126	nm0003423
2404	nm0003423
6985	nm0003433
25898	nm0003433
6981	nm0003433
25793	nm0003433
2392	nm0003474
6482	nm0003474
40819	nm0003506
54997	nm0003506
1589	nm0003506
79185	nm0003506
6323	nm0003506
4992	nm0003506
3186	nm0003506
103772	nm0003506
1283	nm0003593
8207	nm0003593
1949	nm0003593
1944	nm0003593
7614	nm0003593
32234	nm0003593
1085	nm0003593
223	nm0003620
1639	nm0003620
3052	nm0003620
180	nm0003620
45728	nm0003620
4734	nm0003620
62434	nm0003620
89343	nm0003620
74532	nm0003620
7366	nm0003620
1348	nm0003638
8125	nm0003638
4404	nm0003638
4405	nm0003638
44555	nm0003697
82202	nm0003697
2488	nm0003836
6660	nm0003836
8338	nm0003836
8516	nm0003836
5825	nm0003836
4194	nm0003836
5974	nm0003836
47306	nm0003836
6377	nm0004056
60069	nm0004056
2355	nm0004056
93363	nm0004056
27751	nm0004121
7502	nm0004121
1752	nm0004121
7206	nm0004244
7209	nm0004244
26171	nm0004244
44204	nm0004303
55284	nm0004303
68319	nm0004303
106002	nm0004303
4535	nm0004305
2162	nm0004305
3703	nm0004306
3702	nm0004306
49274	nm0004306
2384	nm0004306
7009	nm0004306
3704	nm0004306
7046	nm0004306
26492	nm0004306
71254	nm0004410
47200	nm0004410
68205	nm0004410
1302	nm0004675
5400	nm0004675
7502	nm0004675
1396	nm0004675
3949	nm0004716
81591	nm0004716
1921	nm0004716
64839	nm0004716
48043	nm0004716
110127	nm0004716
1297	nm0004838
6638	nm0004838
7375	nm0004838
8520	nm0004886
3248	nm0004886
2083	nm0005008
107	nm0005008
63433	nm0005008
1858	nm0005033
42946	nm0005033
52435	nm0005062
79533	nm0005062
2004	nm0005062
8015	nm0005062
18	nm0005062
2997	nm0005069
5902	nm0005069
71745	nm0005069
106920	nm0005069
26974	nm0005101
101285	nm0005101
2513	nm0005116
2514	nm0005116
1	nm0005124
3114	nm0005124
2355	nm0005124
45517	nm0005124
87876	nm0005124
1041	nm0005139
8951	nm0005139
59118	nm0005139
501	nm0005139
3163	nm0005139
5788	nm0005139
32943	nm0005139
82463	nm0005139
597	nm0005190
4700	nm0005190
8614	nm0005190
2724	nm0005190
74450	nm0005190
4285	nm0005190
8362	nm0005190
53002	nm0005190
8808	nm0005190
4474	nm0005190
2506	nm0005190
91628	nm0005190
5548	nm0005196
4971	nm0005196
26324	nm0005196
2858	nm0005222
5464	nm0005222
65130	nm0005222
66665	nm0005222
96079	nm0005222
40278	nm0005222
3176	nm0005237
1183	nm0005237
7162	nm0005237
5034	nm0005237
51418	nm0005237
2700	nm0005295
8917	nm0005295
79008	nm0005295
26925	nm0005295
2325	nm0005295
2908	nm0005303
58876	nm0005303
2109	nm0005348
8610	nm0005348
2110	nm0005348
5214	nm0005348
2111	nm0005348
7026	nm0005348
2542	nm0005363
73017	nm0005363
4011	nm0005363
62849	nm0005363
40148	nm0005363
91542	nm0005363
1517	nm0005366
59810	nm0005366
93498	nm0005366
5481	nm0005366
2683	nm0005366
3948	nm0005366
30825	nm0005366
2889	nm0005366
79428	nm0005366
96110	nm0005366
60516	nm0005367
2447	nm0005367
7258	nm0005367
4771	nm0005367
50806	nm0005367
6464	nm0005367
8978	nm0005387
4215	nm0005387
4639	nm0005387
3361	nm0005421
3263	nm0005421
852	nm0005421
6185	nm0005421
6484	nm0005421
6796	nm0005436
1465	nm0005436
3744	nm0005436
34534	nm0005436
358	nm0005436
6383	nm0005436
90524	nm0005436
27002	nm0005509
3784	nm0005509
4748	nm0005509
8972	nm0005509
1020	nm0005509
56775	nm0005509
802	nm0005509
2676	nm0005509
339	nm0005509
79139	nm0005509
106330	nm0005509
8364	nm0005522
6977	nm0005522
3785	nm0005540
4388	nm0005540
4066	nm0005540
8531	nm0005540
46865	nm0005540
8535	nm0005563
4880	nm0005563
185	nm0005563
8158	nm0005572
27002	nm0005572
37380	nm0005647
3452	nm0005647
6196	nm0005647
4224	nm0005647
2644	nm0005713
2633	nm0005713
2662	nm0005738
6405	nm0005738
7223	nm0005789
4813	nm0005789
46653	nm0005789
668	nm0006249
670	nm0006249
6918	nm0006249
26208	nm0006445
43497	nm0006445
26225	nm0006445
3451	nm0006452
3469	nm0006452
6777	nm0006452
4799	nm0006452
4998	nm0006452
3379	nm0006452
66171	nm0006476
5423	nm0006476
44665	nm0006476
8836	nm0006476
2765	nm0006476
475	nm0006487
1185	nm0006487
7139	nm0006487
72605	nm0006487
26965	nm0006487
40574	nm0006487
1900	nm0006498
3456	nm0006498
39886	nm0006554
7038	nm0006554
82589	nm0006554
3438	nm0006625
435	nm0006625
27036	nm0006625
828	nm0006625
60487	nm0006837
48061	nm0006837
26133	nm0006837
7790	nm0006837
48059	nm0006837
506	nm0006845
4313	nm0006845
2071	nm0006854
1722	nm0006854
3986	nm0006854
3841	nm0006854
4677	nm0006854
3268	nm0006854
3844	nm0006889
7084	nm0006889
3244	nm0006889
3791	nm0006889
7033	nm0006889
2249	nm0006889
218	nm0006889
55276	nm0006904
67193	nm0006904
91535	nm0006904
2371	nm0006916
5139	nm0006916
1082	nm0006916
2735	nm0006916
2372	nm0006916
26770	nm0006916
2396	nm0006960
36527	nm0006960
1643	nm0006960
94070	nm0006960
89085	nm0006960
4727	nm0006960
49528	nm0007082
5524	nm0007082
37853	nm0007082
4372	nm0007082
6721	nm0007139
6722	nm0007139
6723	nm0007139
1965	nm0007182
2348	nm0007182
68358	nm0009190
45186	nm0009190
87306	nm0009190
102445	nm0009190
27846	nm0009788
8582	nm0009788
4306	nm0011470
8360	nm0011470
41566	nm0011470
59501	nm0011470
33683	nm0014960
61262	nm0014960
44397	nm0014960
79879	nm0014960
27727	nm0015359
55555	nm0015359
73587	nm0015359
27178	nm0015359
71823	nm0015359
74510	nm0019242
73323	nm0019242
61240	nm0019247
89753	nm0019247
1282	nm0019282
2018	nm0019282
3159	nm0019282
3964	nm0019282
364	nm0021249
48414	nm0021249
3598	nm0021899
7781	nm0021899
50658	nm0021975
50740	nm0021975
97673	nm0021975
71135	nm0023355
48543	nm0023355
76030	nm0023355
4720	nm0024622
2594	nm0024622
27803	nm0024622
5570	nm0024622
74624	nm0024622
60647	nm0026442
2171	nm0026442
4725	nm0026442
4738	nm0026442
8950	nm0026442
101360	nm0026442
952	nm0027183
2528	nm0027183
49688	nm0027183
62049	nm0027183
5219	nm0027271
1590	nm0027271
8810	nm0027271
44	nm0027271
61248	nm0027271
2322	nm0027271
90403	nm0027271
80363	nm0027271
96691	nm0027271
52287	nm0027459
88267	nm0027459
4979	nm0027572
2395	nm0027572
30810	nm0027572
72226	nm0027572
55269	nm0027572
109374	nm0027572
101	nm0027572
94959	nm0027572
55901	nm0027815
5515	nm0027815
95167	nm0028764
95377	nm0028764
27156	nm0030417
70533	nm0030417
84187	nm0030417
68945	nm0030417
31952	nm0030735
52644	nm0030735
79057	nm0030735
35836	nm0031976
52973	nm0031976
66509	nm0031976
99117	nm0031976
33677	nm0034531
81910	nm0034531
1282	nm0035899
1029	nm0035899
2018	nm0035899
74416	nm0036349
52929	nm0036349
5505	nm0037708
73266	nm0037708
3794	nm0037708
84615	nm0037708
8360	nm0038432
5389	nm0038432
84637	nm0038432
1124	nm0041932
8334	nm0041932
60161	nm0042796
66297	nm0042796
59016	nm0043742
96811	nm0043742
115210	nm0043742
49314	nm0043742
3786	nm0044803
47830	nm0044803
7080	nm0045800
45335	nm0045800
31689	nm0047259
3859	nm0047259
6705	nm0047259
3701	nm0048491
2790	nm0048491
57274	nm0049371
74750	nm0049371
27434	nm0049371
986	nm0050597
3347	nm0050597
6170	nm0050597
35015	nm0050597
77854	nm0051972
80928	nm0051972
55687	nm0052737
82037	nm0052737
31689	nm0053190
3859	nm0053190
6705	nm0053190
3928	nm0059106
1016	nm0059106
5038	nm0060072
6093	nm0060072
26403	nm0060072
4876	nm0065284
5784	nm0065284
31590	nm0065442
31545	nm0065442
5283	nm0065608
51575	nm0065608
60072	nm0067457
31804	nm0067457
52950	nm0067457
95207	nm0067457
48682	nm0070159
80	nm0070159
8907	nm0074426
3483	nm0074426
27873	nm0075666
1361	nm0075666
6612	nm0075666
27329	nm0075666
3973	nm0075666
6620	nm0075849
54780	nm0075849
1033	nm0075859
2033	nm0075859
41573	nm0080120
4342	nm0080120
50514	nm0081540
32770	nm0081540
6192	nm0081540
81257	nm0081540
55286	nm0081540
2240	nm0082300
48319	nm0082300
4067	nm0082300
86833	nm0082450
8982	nm0082450
103372	nm0082450
30898	nm0082802
51931	nm0082802
8961	nm0083348
50872	nm0083348
2761	nm0083348
91630	nm0083348
95313	nm0083348
3327	nm0087904
42013	nm0087904
74152	nm0088392
43652	nm0088392
59143	nm0088392
70286	nm0088955
103253	nm0088955
2139	nm0089940
2141	nm0089940
4519	nm0089940
1030	nm0089940
3745	nm0089940
1688	nm0089940
2123	nm0089940
2876	nm0089940
58306	nm0091076
1450	nm0091076
51709	nm0094435
31364	nm0094435
76091	nm0094435
107406	nm0094435
63179	nm0094435
4336	nm0097079
1355	nm0097079
60566	nm0097079
48982	nm0101047
72209	nm0101047
1909	nm0101385
5463	nm0101385
31221	nm0101385
3114	nm0105169
53460	nm0105169
34271	nm0108132
51091	nm0108132
7698	nm0108745
3733	nm0108745
5696	nm0108745
78160	nm0109273
78162	nm0109273
78544	nm0109273
250	nm0109359
5449	nm0109359
8814	nm0109359
3979	nm0109359
58655	nm0109359
971	nm0112218
6852	nm0112218
4190	nm0112218
31485	nm0112218
8451	nm0112218
7171	nm0112374
7620	nm0112374
7059	nm0113284
5601	nm0113284
7092	nm0113284
8507	nm0115218
2644	nm0115218
610	nm0116497
2448	nm0116497
2687	nm0118333
53460	nm0118333
106696	nm0118333
144	nm0122653
804	nm0122653
93040	nm0122741
99468	nm0122741
5483	nm0123379
60763	nm0123379
80241	nm0123379
3159	nm0125186
2089	nm0125186
1923	nm0125803
231	nm0125803
785	nm0125803
32598	nm0125803
4890	nm0125803
4719	nm0125803
3752	nm0125803
85022	nm0125803
7150	nm0125803
55261	nm0125803
4373	nm0127373
86345	nm0127373
92535	nm0127373
86347	nm0127373
104069	nm0127373
1378	nm0128883
502	nm0128883
49272	nm0132709
2006	nm0132709
10	nm0132709
39435	nm0132709
3999	nm0132709
87430	nm0132709
74156	nm0132709
6886	nm0132709
173	nm0134176
2338	nm0134176
38388	nm0134176
63808	nm0134559
5272	nm0134559
96832	nm0136021
63179	nm0136021
2704	nm0136021
5959	nm0138620
78469	nm0138620
50794	nm0138620
91976	nm0138620
53123	nm0138809
111622	nm0138809
2920	nm0138893
8786	nm0138893
6385	nm0138927
39234	nm0138927
6338	nm0139867
3177	nm0139867
65802	nm0139867
4368	nm0139867
329	nm0141222
27002	nm0141222
27251	nm0141222
4054	nm0141961
2106	nm0141961
31225	nm0141961
5329	nm0142286
52458	nm0142286
7362	nm0142286
38992	nm0142286
62081	nm0142286
85056	nm0142286
8633	nm0145309
2453	nm0145309
6166	nm0145309
267	nm0145309
2519	nm0145336
4792	nm0145336
1641	nm0146341
61255	nm0146341
2074	nm0146960
27408	nm0146960
6218	nm0149446
50912	nm0149446
31694	nm0149446
62718	nm0149446
1030	nm0149548
7757	nm0149548
33896	nm0150897
38097	nm0150897
26865	nm0150906
6686	nm0150906
7319	nm0151540
5110	nm0151540
47640	nm0151540
34520	nm0151540
2394	nm0152312
95167	nm0152312
48385	nm0153078
69784	nm0153078
59126	nm0153078
94677	nm0153078
51063	nm0154104
74541	nm0154104
2423	nm0154819
1441	nm0154819
2153	nm0154819
640	nm0154819
2310	nm0155093
4823	nm0155093
8916	nm0155093
70334	nm0155093
446	nm0155280
3158	nm0155280
6382	nm0155280
4502	nm0156047
4104	nm0156047
79242	nm0158966
1897	nm0158966
6215	nm0158966
6773	nm0158984
81018	nm0158984
50912	nm0158984
27660	nm0159109
6857	nm0159109
5146	nm0159109
31878	nm0159507
6618	nm0159507
58107	nm0160840
80222	nm0160840
6909	nm0161152
50800	nm0161152
61465	nm0161152
78039	nm0161834
101525	nm0161834
4969	nm0163229
5560	nm0163229
2804	nm0163706
5980	nm0163706
2555	nm0163706
3688	nm0163706
3689	nm0163706
175	nm0164187
4450	nm0164187
7976	nm0164187
588	nm0166256
2081	nm0166256
72737	nm0166256
1566	nm0166256
5882	nm0166256
2048	nm0166256
7482	nm0167195
4441	nm0167195
7116	nm0167241
7700	nm0167241
7333	nm0167241
6467	nm0167241
6299	nm0167384
76054	nm0167384
7064	nm0167496
6982	nm0167496
659	nm0167496
7064	nm0168413
25954	nm0168413
86000	nm0169806
53189	nm0169806
115122	nm0169806
61075	nm0170043
47202	nm0170043
50912	nm0170043
6770	nm0170043
83270	nm0170719
7155	nm0170719
3831	nm0170719
33145	nm0170719
8966	nm0174374
2333	nm0174374
49824	nm0174374
91104	nm0174374
98203	nm0174374
6984	nm0176699
25826	nm0176699
1907	nm0176905
91414	nm0176905
73023	nm0178376
104881	nm0178376
45672	nm0178997
8526	nm0178997
1777	nm0178997
2335	nm0178997
55444	nm0179221
80126	nm0179221
112940	nm0179221
4785	nm0179281
5653	nm0179281
78088	nm0181579
96857	nm0181579
2901	nm0181741
6755	nm0181741
4915	nm0181741
99437	nm0181741
553	nm0181902
4618	nm0181902
2402	nm0181902
6800	nm0181902
46850	nm0187091
61257	nm0187091
1079	nm0187769
5603	nm0187769
6967	nm0187769
27020	nm0188165
4699	nm0188165
8368	nm0190859
48774	nm0190859
5225	nm0190859
262	nm0190859
50912	nm0190859
104841	nm0190859
1735	nm0190859
4765	nm0191147
45506	nm0191147
55259	nm0192289
8730	nm0192289
49772	nm0192845
8813	nm0192845
53883	nm0193231
92475	nm0193231
6942	nm0193485
68073	nm0193485
104374	nm0193485
26084	nm0196536
3548	nm0196536
52579	nm0196860
27689	nm0196860
3967	nm0197636
5992	nm0197636
64622	nm0197636
91325	nm0197636
7036	nm0199722
4613	nm0199722
6794	nm0199722
72395	nm0200005
104337	nm0200005
44937	nm0201094
6008	nm0201094
3010	nm0201094
86884	nm0201094
70846	nm0201094
44937	nm0201095
6008	nm0201095
3010	nm0201095
86884	nm0201095
70846	nm0201095
2294	nm0201509
33615	nm0201509
62999	nm0201509
95105	nm0201509
4298	nm0202088
31770	nm0202088
25943	nm0202088
5007	nm0202088
5300	nm0202681
7217	nm0202681
4990	nm0204884
47124	nm0204884
54999	nm0205157
7541	nm0205157
216	nm0205542
1753	nm0205542
46578	nm0206760
95873	nm0206760
1021	nm0213100
3388	nm0213100
6299	nm0213340
4312	nm0213340
76093	nm0213450
5444	nm0213450
112175	nm0213450
58425	nm0213450
4135	nm0215269
3696	nm0215269
519	nm0215269
199	nm0218840
50229	nm0218840
64497	nm0220600
37720	nm0220600
97188	nm0220600
2145	nm0222043
3	nm0222043
3861	nm0222043
4509	nm0222043
62439	nm0222043
1290	nm0222043
7381	nm0222043
3624	nm0223359
44004	nm0223359
5220	nm0223359
328	nm0225416
886	nm0225416
7079	nm0226189
6859	nm0226189
4016	nm0227540
40339	nm0227540
69685	nm0228327
27369	nm0228327
8337	nm0229424
1069	nm0229424
1068	nm0229424
34162	nm0229694
55955	nm0229694
6156	nm0229694
2280	nm0229694
88785	nm0229694
115170	nm0229694
4886	nm0230032
68954	nm0230032
88345	nm0230032
55363	nm0231596
4251	nm0231596
97860	nm0231596
7051	nm0232795
26502	nm0232795
62733	nm0235719
80846	nm0235719
33725	nm0236226
27555	nm0236226
93443	nm0236226
84950	nm0236226
3591	nm0236769
8884	nm0236769
31223	nm0238865
1881	nm0238865
72167	nm0240627
3275	nm0240627
104	nm0240797
2694	nm0240797
2798	nm0240797
85367	nm0240797
4149	nm0240797
1431	nm0240797
59900	nm0240797
54004	nm0240797
79134	nm0240797
44840	nm0240797
6014	nm0240797
76	nm0240995
3879	nm0240995
1631	nm0240995
5637	nm0241090
1880	nm0241090
537	nm0241090
1015	nm0242271
6559	nm0242271
77421	nm0243231
47793	nm0243231
93512	nm0243231
77421	nm0243233
47793	nm0243233
93512	nm0243233
8446	nm0245385
5099	nm0245385
6586	nm0245888
4989	nm0245888
33495	nm0245888
2613	nm0248054
5582	nm0248054
4562	nm0248054
67508	nm0248942
4439	nm0248942
74685	nm0252135
32596	nm0252135
1895	nm0253323
4248	nm0253323
71899	nm0254178
32562	nm0254178
345	nm0254632
68963	nm0254632
46965	nm0254786
8860	nm0254786
6058	nm0254786
71252	nm0254786
609	nm0254786
581	nm0258531
26524	nm0258531
80553	nm0258531
5103	nm0262693
7030	nm0262693
49961	nm0264236
4976	nm0264236
8915	nm0264236
6332	nm0266302
2721	nm0266302
27416	nm0267244
8576	nm0267244
4945	nm0267309
5382	nm0267309
46578	nm0267512
95873	nm0267512
1923	nm0268380
231	nm0268380
785	nm0268380
32598	nm0268380
4890	nm0268380
4719	nm0268380
3752	nm0268380
85022	nm0268380
7150	nm0268380
55261	nm0268380
952	nm0268513
8767	nm0268513
40988	nm0268513
59315	nm0269463
77561	nm0269463
40851	nm0269463
6936	nm0269463
83613	nm0269463
4452	nm0269463
111443	nm0269463
48982	nm0271402
65577	nm0271402
96281	nm0271402
1282	nm0272568
596	nm0272568
1029	nm0272568
1024	nm0272568
7773	nm0272704
7320	nm0272704
8985	nm0275286
52712	nm0275286
88163	nm0275629
74275	nm0275629
44889	nm0275698
70305	nm0275698
55250	nm0275698
44193	nm0275698
48696	nm0276062
4903	nm0276062
2867	nm0276169
1991	nm0276169
26887	nm0276169
742	nm0276169
52952	nm0276349
40412	nm0276349
5383	nm0279807
5649	nm0279807
2634	nm0279807
47423	nm0281396
80693	nm0281396
67223	nm0281396
1019	nm0281507
2135	nm0281507
3927	nm0281507
30712	nm0281507
8017	nm0281507
2009	nm0281507
5040	nm0281507
2373	nm0281507
3066	nm0281507
71535	nm0281508
99728	nm0281508
88812	nm0281508
61246	nm0281598
724	nm0281598
6374	nm0281598
550	nm0281598
2759	nm0281598
53466	nm0281598
919	nm0281808
920	nm0281808
25834	nm0281808
7208	nm0281808
2606	nm0281869
88127	nm0281869
56949	nm0281945
69406	nm0281945
47382	nm0281945
2346	nm0285302
5660	nm0285302
6416	nm0285302
46976	nm0286975
8970	nm0286975
5015	nm0286975
56607	nm0286975
63113	nm0286975
103249	nm0286975
39427	nm0286975
1238	nm0287025
5752	nm0287025
68522	nm0288144
33539	nm0288144
27002	nm0291205
45720	nm0291205
7502	nm0291205
65230	nm0291205
96121	nm0291205
93287	nm0291205
53000	nm0294379
5949	nm0294379
3677	nm0294825
96606	nm0294825
50798	nm0294997
57532	nm0294997
43919	nm0294997
581	nm0295243
80553	nm0295243
7022	nm0297935
3066	nm0297935
4776	nm0298807
51935	nm0298807
8640	nm0298807
6213	nm0298807
1769	nm0298807
112171	nm0298807
74944	nm0298807
101362	nm0298807
32289	nm0299563
6545	nm0299563
48	nm0300265
2089	nm0300265
5026	nm0304521
45081	nm0304521
62644	nm0304541
33124	nm0304541
51088	nm0304830
54732	nm0304830
30749	nm0313623
55288	nm0313623
2080	nm0314671
1032	nm0314671
1022	nm0314671
2085	nm0314671
2018	nm0314671
2087	nm0314671
2096	nm0314671
1024	nm0314671
1025	nm0314671
3964	nm0314671
71520	nm0315041
78034	nm0315041
83506	nm0315041
67665	nm0315065
98585	nm0315065
33154	nm0316795
60291	nm0316795
58191	nm0316795
2437	nm0317981
4862	nm0317981
3635	nm0318150
7569	nm0318150
8183	nm0318150
4191	nm0318150
6457	nm0318150
3638	nm0318150
4664	nm0318150
3440	nm0318795
1646	nm0318795
55280	nm0318916
89030	nm0318916
55241	nm0318916
2686	nm0320660
549	nm0320660
47778	nm0322144
117881	nm0322144
4378	nm0322242
109848	nm0322242
8959	nm0322242
2989	nm0322515
2990	nm0322515
2376	nm0322515
7570	nm0322515
4005	nm0322515
257	nm0322865
26782	nm0322865
80549	nm0323239
88405	nm0323239
69069	nm0323239
48	nm0325196
3159	nm0325196
6946	nm0325196
3745	nm0325776
1688	nm0325776
2123	nm0325776
2876	nm0325776
7361	nm0327273
48082	nm0327273
43708	nm0327273
63179	nm0327273
77854	nm0327273
5298	nm0327273
83349	nm0327273
55830	nm0327273
6953	nm0327944
4235	nm0327944
46723	nm0327944
112183	nm0327944
81819	nm0327944
7789	nm0327944
6266	nm0330140
4247	nm0330140
52245	nm0330347
80166	nm0330347
7025	nm0330360
893	nm0330360
6183	nm0330456
44100	nm0330456
5419	nm0331532
1707	nm0331532
7369	nm0331532
2581	nm0331532
3646	nm0331532
40962	nm0331532
7132	nm0332539
1929	nm0332539
7061	nm0332539
25929	nm0332539
8208	nm0332539
6378	nm0336620
2058	nm0336620
69	nm0336620
71838	nm0336620
6280	nm0336620
32019	nm0336620
66200	nm0336695
55272	nm0336695
61024	nm0337773
58492	nm0337773
5258	nm0337773
6159	nm0337773
8955	nm0337773
91323	nm0337773
87529	nm0337773
7346	nm0339004
4340	nm0339004
86817	nm0339004
54286	nm0339030
8665	nm0339030
45210	nm0339030
74795	nm0339030
105504	nm0339030
5632	nm0339030
27912	nm0339254
41724	nm0339254
72129	nm0340436
81535	nm0340436
65939	nm0344955
44317	nm0344955
45950	nm0346550
81191	nm0346550
70862	nm0346550
3553	nm0346550
2524	nm0347086
4212	nm0347086
2367	nm0347086
44828	nm0348181
112852	nm0348181
85401	nm0348181
33166	nm0353673
55094	nm0353673
81788	nm0353673
3054	nm0354126
3799	nm0354126
35347	nm0354691
610	nm0354691
67087	nm0357453
7173	nm0357453
38600	nm0357584
7297	nm0357584
6650	nm0357607
6967	nm0357607
2947	nm0357891
3984	nm0357891
4930	nm0357891
2991	nm0357891
3639	nm0357891
6582	nm0357891
3519	nm0357891
6441	nm0357891
6077	nm0357891
27338	nm0358327
7449	nm0358327
5267	nm0359387
72641	nm0359387
107141	nm0359387
7379	nm0359387
1282	nm0359457
594	nm0359457
2018	nm0359457
3034	nm0359457
1025	nm0359457
1033	nm0359457
36276	nm0359734
5269	nm0359734
71108	nm0359734
98056	nm0359734
52666	nm0359734
6975	nm0359734
6641	nm0359734
8367	nm0359734
48165	nm0359734
58301	nm0359734
63992	nm0362566
7285	nm0362566
85397	nm0362566
33672	nm0362566
49524	nm0362566
3535	nm0366004
45635	nm0366004
766	nm0366004
3494	nm0368871
4411	nm0368871
8661	nm0368871
32371	nm0368871
2939	nm0368871
41585	nm0368871
2520	nm0368871
2150	nm0371059
2151	nm0371059
89904	nm0371890
49422	nm0371890
55267	nm0373282
6881	nm0373282
1282	nm0373429
596	nm0373429
556	nm0373698
4304	nm0373698
7439	nm0378144
86628	nm0378144
4571	nm0378893
62	nm0378893
1367	nm0378893
2082	nm0378893
4492	nm0378893
66240	nm0378893
552	nm0378893
4040	nm0378893
31867	nm0378893
4757	nm0378893
5324	nm0378893
1542	nm0379179
64034	nm0379179
2390	nm0379179
5222	nm0379237
58622	nm0379237
6535	nm0379237
8132	nm0380705
4654	nm0380705
544	nm0380705
999	nm0381273
4167	nm0381273
45666	nm0381478
8376	nm0381478
4980	nm0382072
8372	nm0382072
1848	nm0382072
8	nm0382072
26729	nm0382584
678	nm0382584
82053	nm0382584
51174	nm0382584
1357	nm0382956
4815	nm0382956
3185	nm0382956
54276	nm0382956
4291	nm0383359
7107	nm0383359
5927	nm0383359
56176	nm0384722
2709	nm0384722
46337	nm0384722
63072	nm0384825
39381	nm0384825
96432	nm0384825
94466	nm0384825
31410	nm0386570
54771	nm0386570
5608	nm0386570
628	nm0387706
52604	nm0387706
1754	nm0387706
3510	nm0387706
5107	nm0387706
57526	nm0387706
3783	nm0388198
3947	nm0388198
4941	nm0388198
2789	nm0388198
1569	nm0389591
342	nm0389591
7164	nm0389591
67788	nm0389591
1257	nm0390822
2261	nm0390822
44864	nm0392237
78116	nm0392237
105211	nm0392237
5450	nm0392237
2363	nm0393094
6270	nm0393094
5640	nm0393094
5638	nm0393094
7017	nm0393661
69654	nm0393661
81845	nm0393799
61406	nm0393799
56744	nm0393799
68194	nm0393799
99149	nm0393799
52283	nm0394280
3697	nm0394280
1831	nm0394280
1972	nm0394280
1049	nm0394280
423	nm0394280
479	nm0394280
31162	nm0394280
3906	nm0394280
85179	nm0396074
57504	nm0396074
101962	nm0396074
3945	nm0396074
1009	nm0396421
2091	nm0396421
81847	nm0397174
63859	nm0397174
1680	nm0398185
4052	nm0398185
6550	nm0398185
7450	nm0398185
122	nm0399737
3955	nm0399737
1957	nm0399853
6991	nm0399853
493	nm0400436
4865	nm0400436
73321	nm0400436
42	nm0400436
3718	nm0400436
493	nm0400441
4865	nm0400441
73321	nm0400441
42	nm0400441
3718	nm0400441
71823	nm0400441
31101	nm0400486
801	nm0400486
2558	nm0400486
7247	nm0400731
5796	nm0400731
53121	nm0401203
67295	nm0401203
3159	nm0402563
558	nm0402563
106642	nm0403541
8799	nm0403541
50954	nm0403541
6808	nm0404606
3836	nm0404606
272	nm0405336
1366	nm0405336
49957	nm0405336
3594	nm0405336
1821	nm0405336
38824	nm0405605
27671	nm0405605
53953	nm0405632
27700	nm0405632
40614	nm0405632
84395	nm0405632
105653	nm0405632
6801	nm0407067
33893	nm0407067
2483	nm0407067
59709	nm0407067
25995	nm0408348
26005	nm0408348
26012	nm0408348
7762	nm0410139
8045	nm0410139
63239	nm0410769
2485	nm0410769
515	nm0412465
1296	nm0412465
3260	nm0412465
3094	nm0412465
5465	nm0412517
71823	nm0412517
2108	nm0413875
3257	nm0413875
1515	nm0413875
7753	nm0413875
74324	nm0413875
42351	nm0413875
1282	nm0414144
594	nm0414144
2080	nm0414144
596	nm0414144
1032	nm0414144
1022	nm0414144
1029	nm0414144
2087	nm0414144
2099	nm0414144
246	nm0416945
6269	nm0416945
1442	nm0416945
546	nm0417708
4496	nm0417708
32591	nm0418450
4151	nm0418450
37240	nm0418659
5619	nm0418659
97393	nm0418659
51834	nm0418982
60758	nm0418982
77328	nm0418982
45175	nm0418982
60816	nm0419884
60818	nm0419884
56333	nm0420982
2155	nm0420982
27716	nm0421314
47491	nm0421314
6300	nm0421314
4306	nm0421776
8907	nm0421776
3072	nm0422484
4857	nm0422484
1950	nm0422484
2764	nm0422484
3420	nm0422484
2852	nm0422484
8494	nm0422484
5801	nm0422484
5522	nm0422484
3178	nm0422484
3251	nm0422484
7060	nm0422484
289	nm0422484
26745	nm0422484
7085	nm0422484
26704	nm0423333
3142	nm0423333
48161	nm0423333
6816	nm0423333
26258	nm0423524
26326	nm0423524
4658	nm0423524
1299	nm0423646
2745	nm0423646
191	nm0423646
4595	nm0423646
6595	nm0424800
45062	nm0424800
6157	nm0425756
51077	nm0425756
2236	nm0425756
74154	nm0425756
7493	nm0425913
7580	nm0425913
5096	nm0425957
700	nm0425957
44761	nm0426059
68848	nm0426059
96610	nm0426059
2294	nm0426333
45431	nm0426333
6536	nm0426333
2359	nm0428600
43560	nm0428600
72741	nm0428600
6567	nm0429964
78218	nm0429964
7372	nm0429964
27073	nm0429964
2502	nm0431918
71248	nm0431918
1405	nm0431918
47997	nm0431918
4899	nm0432627
2572	nm0432627
2077	nm0434571
5721	nm0434571
5373	nm0435563
3245	nm0435563
4214	nm0437596
4676	nm0437596
1895	nm0438226
4248	nm0438226
4465	nm0438279
7019	nm0438279
2771	nm0438279
56805	nm0440458
1845	nm0440458
5025	nm0440458
87485	nm0440458
97	nm0440913
6952	nm0440913
61350	nm0440913
4383	nm0440913
1231	nm0442241
3993	nm0442241
7001	nm0442241
1295	nm0442241
7487	nm0442241
517	nm0442241
6286	nm0442454
89535	nm0442454
6782	nm0442454
44301	nm0442454
40491	nm0442454
61724	nm0442454
26939	nm0442454
4470	nm0442454
40586	nm0442454
31431	nm0443181
3946	nm0443181
2329	nm0443411
59684	nm0443411
93790	nm0443411
940	nm0445033
8331	nm0445033
4878	nm0446819
72380	nm0446819
56003	nm0446819
8039	nm0447944
26181	nm0447944
55031	nm0448588
56012	nm0448588
1196	nm0449984
2986	nm0449984
7573	nm0449984
1191	nm0450194
450	nm0450194
1859	nm0452102
6211	nm0452102
27255	nm0452102
81786	nm0452102
8969	nm0452319
203	nm0452319
7982	nm0453518
82667	nm0453518
38095	nm0453518
66785	nm0453518
99910	nm0453518
4338	nm0454771
25961	nm0454771
59725	nm0455078
78174	nm0455078
596	nm0455741
1032	nm0455741
1029	nm0455741
2087	nm0455741
1024	nm0455741
3964	nm0455741
27441	nm0457541
8426	nm0457541
27865	nm0457565
60941	nm0457565
6370	nm0458251
66762	nm0458251
34198	nm0458251
1380	nm0459170
2046	nm0459170
2053	nm0459170
2950	nm0459170
5361	nm0459170
26082	nm0462030
7564	nm0462030
8484	nm0462030
41627	nm0462030
2841	nm0462895
61729	nm0462895
96417	nm0462895
7347	nm0462895
52885	nm0464804
2810	nm0464804
8607	nm0464804
6713	nm0464804
2344	nm0464846
4673	nm0464846
49132	nm0465932
26366	nm0465932
1169	nm0465932
41617	nm0465932
6743	nm0466113
31934	nm0466113
5974	nm0466113
5001	nm0466113
31437	nm0466153
2624	nm0466153
71438	nm0466153
6344	nm0466349
91842	nm0466349
103883	nm0466349
7179	nm0467225
5668	nm0467225
3088	nm0467396
4184	nm0467396
3096	nm0467396
2403	nm0467646
1091	nm0467646
6519	nm0467646
7562	nm0468007
59026	nm0468007
7137	nm0469694
43921	nm0469694
68552	nm0469694
5628	nm0470443
27193	nm0470443
8605	nm0470443
2541	nm0474955
40581	nm0474955
5296	nm0474955
4645	nm0475905
69995	nm0475905
27491	nm0475905
71205	nm0476201
37386	nm0476201
3915	nm0476201
7844	nm0477035
5574	nm0477035
50003	nm0477035
33669	nm0477129
66203	nm0477129
1453	nm0477129
53974	nm0477129
947	nm0478441
25841	nm0478441
49910	nm0481418
50912	nm0481418
6327	nm0481418
56941	nm0481418
100487	nm0481418
2565	nm0485943
6970	nm0485943
917	nm0485943
7395	nm0485943
5279	nm0487567
8580	nm0487567
7981	nm0490487
27802	nm0490487
51084	nm0492909
5957	nm0492909
72919	nm0492909
3822	nm0496312
6339	nm0496312
26663	nm0496312
1365	nm0496312
8270	nm0496312
27768	nm0496312
54328	nm0496312
3654	nm0496746
1344	nm0496746
2531	nm0496746
2532	nm0496746
1285	nm0499724
708	nm0499724
413	nm0499724
5151	nm0499724
7000	nm0499724
50802	nm0499724
8807	nm0500444
4015	nm0500444
7502	nm0500896
6864	nm0500896
2969	nm0500988
73	nm0500988
7789	nm0500988
7437	nm0501185
5804	nm0501185
49013	nm0501185
54513	nm0501435
1660	nm0501435
1037	nm0502577
338	nm0502577
7579	nm0502752
6984	nm0502752
1681	nm0502954
48943	nm0502954
919	nm0503777
3035	nm0503777
8044	nm0503777
2967	nm0503777
25773	nm0503777
25886	nm0503777
7054	nm0503777
32261	nm0503777
25797	nm0503777
3708	nm0504495
6664	nm0504495
2641	nm0504513
2863	nm0504513
31923	nm0504513
2946	nm0504513
7720	nm0504513
8796	nm0504513
5499	nm0504513
2642	nm0504513
60040	nm0504642
5574	nm0504642
76175	nm0504642
33437	nm0504642
36519	nm0504642
102903	nm0504642
355	nm0505152
1359	nm0505152
6793	nm0505152
3564	nm0505152
2799	nm0505152
31422	nm0505152
78774	nm0505522
5665	nm0505522
58972	nm0505662
42958	nm0505662
46972	nm0506613
68793	nm0506613
90249	nm0506613
76293	nm0506613
7161	nm0506613
43836	nm0506613
6006	nm0506613
5092	nm0506613
102481	nm0506613
1005	nm0509409
9005	nm0509409
48518	nm0509448
6040	nm0509448
85131	nm0509448
93766	nm0509448
56152	nm0510674
2687	nm0510674
239	nm0510674
3991	nm0510674
33679	nm0510731
1060	nm0510731
5418	nm0510731
58025	nm0510731
2580	nm0510731
111759	nm0510731
81641	nm0510731
46335	nm0510912
67923	nm0510912
86644	nm0510912
6288	nm0510912
102716	nm0510912
43556	nm0510912
169	nm0514546
1985	nm0514546
8830	nm0514546
1422	nm0514546
5434	nm0514822
6516	nm0514822
8718	nm0514822
51277	nm0514906
3972	nm0514906
315	nm0515891
7782	nm0515891
1499	nm0515891
4440	nm0516344
4438	nm0516344
47894	nm0516360
6898	nm0516360
632	nm0516360
2481	nm0516360
33288	nm0516360
7789	nm0516360
73101	nm0516360
27851	nm0516360
4300	nm0516360
95939	nm0516360
3035	nm0517597
2941	nm0517597
4709	nm0517597
7714	nm0517597
41	nm0518644
7502	nm0518644
43871	nm0518644
8866	nm0518644
3751	nm0520485
94833	nm0520485
108932	nm0520488
71264	nm0520488
93510	nm0520488
112138	nm0520488
31193	nm0522028
2090	nm0522028
85316	nm0522028
3936	nm0523893
5651	nm0523893
3097	nm0523932
946	nm0523932
936	nm0523932
3739	nm0523932
25891	nm0523932
4308	nm0525303
1059	nm0525303
1188	nm0525303
63853	nm0525303
102407	nm0525303
58803	nm0525659
70183	nm0525659
4447	nm0525659
7255	nm0525659
78041	nm0525659
33499	nm0525659
4866	nm0527109
3952	nm0527109
67620	nm0527109
54612	nm0527109
1282	nm0527217
2080	nm0527217
596	nm0527217
1032	nm0527217
1022	nm0527217
2085	nm0527217
2087	nm0527217
2096	nm0527217
4030	nm0527261
65601	nm0527261
84942	nm0527261
40946	nm0528381
49396	nm0528381
2302	nm0528718
3301	nm0528718
2413	nm0528718
637	nm0528718
3120	nm0528718
81804	nm0528718
48738	nm0531817
7256	nm0531817
68159	nm0531817
3989	nm0531817
91548	nm0531817
85025	nm0531817
97168	nm0531817
95441	nm0532235
111743	nm0532235
5602	nm0533241
4432	nm0533241
5604	nm0533241
58334	nm0533284
7442	nm0533284
71902	nm0533284
92694	nm0533284
2788	nm0534084
6104	nm0534084
55063	nm0534665
27792	nm0534665
8266	nm0536299
4673	nm0536299
7981	nm0538320
27802	nm0538320
663	nm0538614
2805	nm0538614
941	nm0541149
8521	nm0541149
8256	nm0541149
3763	nm0541677
7624	nm0541677
694	nm0541677
6429	nm0542649
31617	nm0542649
44168	nm0542649
6237	nm0542649
3311	nm0542649
6409	nm0542649
1946	nm0542720
7082	nm0542720
8385	nm0542720
5005	nm0542720
1210	nm0549658
3102	nm0549658
5732	nm0549658
3250	nm0550881
43917	nm0550881
2699	nm0550881
160	nm0550881
27002	nm0550881
6412	nm0550892
8661	nm0550892
40732	nm0551076
5833	nm0551076
58297	nm0551076
79796	nm0551076
5991	nm0551128
118997	nm0551128
73000	nm0551128
41571	nm0551128
86880	nm0551128
8645	nm0551358
71823	nm0551358
58299	nm0553942
95543	nm0553942
3062	nm0554249
25962	nm0554249
70533	nm0556094
84187	nm0556094
68945	nm0556094
4047	nm0561813
6186	nm0561813
1702	nm0562645
277	nm0562645
3243	nm0562645
2860	nm0562645
37477	nm0562645
25828	nm0562845
7933	nm0562845
7484	nm0563099
8264	nm0563099
8797	nm0563099
7484	nm0563100
8264	nm0563100
8797	nm0563100
4086	nm0564319
4599	nm0564319
1256	nm0564970
932	nm0564970
6254	nm0564970
7702	nm0564970
8335	nm0564970
1937	nm0564970
6867	nm0565336
59018	nm0565336
85881	nm0565336
88235	nm0567620
110586	nm0567620
73211	nm0567680
7884	nm0567680
4723	nm0569166
103279	nm0569166
838	nm0569790
48598	nm0569790
5994	nm0569790
81564	nm0569891
33615	nm0569891
62999	nm0569891
95105	nm0569891
8641	nm0570912
46970	nm0570912
60756	nm0570912
79592	nm0570912
107348	nm0570912
26101	nm0572132
6422	nm0572132
40973	nm0572132
7091	nm0572851
25777	nm0572851
7826	nm0572851
80748	nm0572851
3825	nm0573589
6013	nm0573589
86815	nm0573732
8911	nm0573732
1805	nm0573796
2159	nm0573796
7354	nm0573796
44191	nm0574625
72489	nm0574625
54771	nm0574625
93982	nm0574625
4833	nm0575389
1162	nm0575389
1862	nm0575389
26695	nm0575389
521	nm0575389
5477	nm0575523
2585	nm0575523
64030	nm0576298
96861	nm0576298
89087	nm0576298
43333	nm0576548
6683	nm0576548
6016	nm0576987
36517	nm0576987
63033	nm0576987
7587	nm0578483
6920	nm0578483
46855	nm0578483
5333	nm0578483
70849	nm0578483
26158	nm0579954
56060	nm0579954
30712	nm0580017
5974	nm0580017
7128	nm0580017
4036	nm0580729
8831	nm0580729
2416	nm0582635
8387	nm0582635
4219	nm0582635
1374	nm0583292
1372	nm0583292
5544	nm0583292
26467	nm0583292
2059	nm0583600
49286	nm0583600
4018	nm0583600
73015	nm0583600
7149	nm0583600
2671	nm0585011
5293	nm0585011
28	nm0585011
50274	nm0585011
81784	nm0585011
8956	nm0585011
8365	nm0585011
27317	nm0586281
86142	nm0586281
5909	nm0586281
27563	nm0586281
33896	nm0586281
7235	nm0586281
30745	nm0586281
8142	nm0586281
61289	nm0586281
213	nm0586482
56093	nm0586482
1927	nm0587277
4178	nm0587277
4954	nm0587277
26085	nm0587277
1587	nm0587518
3441	nm0587518
37741	nm0587955
89492	nm0587955
116161	nm0587955
108932	nm0588087
71264	nm0588087
93510	nm0588087
112138	nm0588087
32587	nm0588340
61401	nm0588340
113573	nm0588340
36537	nm0590122
87304	nm0590122
3269	nm0591171
2713	nm0591171
1975	nm0591171
2107	nm0591171
1976	nm0591171
2148	nm0591171
4682	nm0591171
26760	nm0591171
364	nm0591450
3157	nm0591450
59103	nm0591450
5480	nm0591450
6958	nm0591450
109846	nm0591450
934	nm0591486
900	nm0591486
918	nm0591486
938	nm0591486
5114	nm0591486
8008	nm0591486
935	nm0591486
8153	nm0591486
64231	nm0591994
37731	nm0591994
1513	nm0592400
4228	nm0592400
5244	nm0593014
26269	nm0593014
62801	nm0593014
26270	nm0593014
4642	nm0593463
48744	nm0593463
82767	nm0593463
34332	nm0593610
78637	nm0593610
3146	nm0593610
5618	nm0594503
3000	nm0594503
31658	nm0594503
5971	nm0594503
6350	nm0594503
7099	nm0594503
26662	nm0594503
26776	nm0594503
65261	nm0594503
8253	nm0594503
104283	nm0594503
7034	nm0600546
6291	nm0600546
4741	nm0600546
45662	nm0601382
27837	nm0601382
100498	nm0601382
4958	nm0601382
62394	nm0601382
5669	nm0601619
8622	nm0601619
53894	nm0601619
2064	nm0601619
71450	nm0601619
1827	nm0601619
157	nm0601619
7020	nm0602104
46	nm0602104
42718	nm0603628
59369	nm0603628
74851	nm0603628
27660	nm0605479
32554	nm0605479
47404	nm0605479
8426	nm0605479
546	nm0608084
4496	nm0608084
1518	nm0609236
6537	nm0609236
71530	nm0609236
27002	nm0609236
3555	nm0609236
54503	nm0609549
67734	nm0609549
84772	nm0609549
1484	nm0609549
3477	nm0610496
1268	nm0610496
5896	nm0610496
47099	nm0610831
64716	nm0610831
5503	nm0610831
1275	nm0611683
55232	nm0611683
533	nm0611683
6996	nm0611683
1207	nm0612322
4061	nm0612322
6779	nm0612322
5122	nm0612322
91488	nm0613471
610	nm0613471
26554	nm0614276
3802	nm0614276
204	nm0614276
1379	nm0614276
48560	nm0614682
80551	nm0614682
588	nm0615780
2081	nm0615780
72737	nm0615780
1566	nm0615780
5882	nm0615780
2048	nm0615780
44058	nm0617042
90576	nm0617042
27478	nm0617042
5135	nm0619762
51884	nm0619762
6466	nm0619762
6244	nm0619762
8833	nm0619762
7789	nm0619762
71823	nm0619762
1475	nm0619762
30867	nm0620363
84952	nm0620363
6242	nm0620378
8019	nm0620378
27839	nm0620378
6243	nm0620378
50912	nm0622112
2232	nm0622112
7827	nm0622112
78266	nm0622112
26472	nm0622695
1487	nm0622695
2013	nm0623768
8754	nm0623768
5187	nm0623768
6849	nm0623768
3230	nm0623768
5247	nm0624102
4396	nm0624102
5246	nm0624102
3404	nm0624535
4357	nm0624535
2014	nm0625379
2034	nm0625379
5014	nm0625458
351	nm0625458
4187	nm0625680
8147	nm0625680
4795	nm0625680
5398	nm0625680
5682	nm0625789
4745	nm0625789
75813	nm0625789
8235	nm0628345
25752	nm0628345
1653	nm0629272
5530	nm0629272
36529	nm0629272
90405	nm0629272
101577	nm0629272
3977	nm0629334
68791	nm0629334
6503	nm0629334
49793	nm0629334
93326	nm0629334
4226	nm0634240
58559	nm0634240
33794	nm0634240
79132	nm0634240
48780	nm0634240
91529	nm0634240
5388	nm0634240
2579	nm0634240
109487	nm0634240
2167	nm0635759
6541	nm0635759
9018	nm0636675
4304	nm0636675
5446	nm0637518
5876	nm0637518
3203	nm0637518
48879	nm0637518
1479	nm0637518
349	nm0637518
3256	nm0637518
3005	nm0637518
79293	nm0637518
540	nm0637518
113378	nm0637518
2557	nm0637615
78836	nm0637615
6214	nm0637615
892	nm0638080
6201	nm0638080
54734	nm0638271
50189	nm0638271
2026	nm0638354
7502	nm0638354
5890	nm0639033
41769	nm0639033
7263	nm0640334
89774	nm0640334
62792	nm0640334
222	nm0640466
4155	nm0640466
1498	nm0640466
31435	nm0640740
3538	nm0640740
59418	nm0641373
7380	nm0641373
4168	nm0641373
7199	nm0644022
49276	nm0644022
47264	nm0644203
19	nm0644203
5047	nm0644203
7048	nm0644203
6283	nm0645513
32554	nm0645513
6283	nm0645657
8157	nm0645657
99813	nm0646515
98124	nm0646515
103659	nm0646515
32525	nm0649097
25941	nm0649097
8143	nm0649097
72131	nm0650905
62912	nm0650905
2052	nm0650905
2084	nm0650905
46062	nm0650905
61123	nm0650905
59784	nm0651706
4454	nm0651706
8974	nm0651706
741	nm0651900
27728	nm0651900
6790	nm0651900
26701	nm0651900
26476	nm0651915
495	nm0651915
27271	nm0651915
6538	nm0654830
5613	nm0654830
31956	nm0654830
4273	nm0654830
6643	nm0654868
42217	nm0654868
26055	nm0654868
8785	nm0654868
61967	nm0654868
7485	nm0654868
85342	nm0655683
6869	nm0655683
55721	nm0655683
108945	nm0655683
57534	nm0658837
53326	nm0658837
6909	nm0659380
50800	nm0659380
61465	nm0659380
2379	nm0661577
2380	nm0661577
3175	nm0661751
42011	nm0661751
103810	nm0661751
27773	nm0661791
42632	nm0661791
33896	nm0661791
53161	nm0661791
71304	nm0661791
27592	nm0661791
27397	nm0661791
101088	nm0661791
1148	nm0661910
745	nm0661910
3751	nm0661910
38038	nm0661910
1223	nm0661910
3429	nm0661910
64285	nm0661910
2690	nm0662529
60141	nm0662529
26	nm0662529
5380	nm0662529
90522	nm0662529
74868	nm0662529
317	nm0664756
1474	nm0664756
32296	nm0664756
106452	nm0667734
33817	nm0667734
8949	nm0668247
2599	nm0668247
5945	nm0668247
1392	nm0668247
50912	nm0668247
91077	nm0668247
105197	nm0668247
3713	nm0669004
6850	nm0669004
5065	nm0671210
2707	nm0671210
61167	nm0671210
1084	nm0671957
3037	nm0671957
7619	nm0671957
26349	nm0671957
26148	nm0671957
26199	nm0671957
26163	nm0672060
556	nm0672060
7979	nm0672060
6430	nm0672060
5325	nm0672769
27882	nm0672769
6299	nm0674742
76054	nm0674742
5843	nm0677943
473	nm0677943
3350	nm0677951
53827	nm0677951
2408	nm0677951
4062	nm0677953
374	nm0677953
3450	nm0677953
4025	nm0677953
7294	nm0677953
6155	nm0677953
43930	nm0677953
69122	nm0680846
86911	nm0680846
6188	nm0680846
102686	nm0680846
81537	nm0680846
3617	nm0680846
48416	nm0680846
7325	nm0680846
47518	nm0684336
76077	nm0684336
50872	nm0684342
95654	nm0684342
57274	nm0687042
74750	nm0687042
718	nm0688585
6119	nm0688585
50923	nm0689187
2725	nm0689187
3682	nm0692872
2530	nm0692872
2922	nm0692872
3801	nm0695937
942	nm0695937
26078	nm0695937
5799	nm0695937
3678	nm0695937
26139	nm0695937
6660	nm0696247
8338	nm0696247
8516	nm0696247
5825	nm0696247
4194	nm0696247
47306	nm0696247
3554	nm0697656
62553	nm0697656
6620	nm0700301
54780	nm0700301
58	nm0705535
2117	nm0705535
57353	nm0705535
30850	nm0705535
3201	nm0706182
3529	nm0706182
26513	nm0706296
8591	nm0706296
5605	nm0708903
90376	nm0708903
98243	nm0709056
72043	nm0709056
5038	nm0710230
6093	nm0710230
26403	nm0710230
2866	nm0711114
39715	nm0711114
542	nm0711114
4091	nm0711114
2273	nm0711840
45499	nm0711840
90717	nm0711840
5630	nm0711840
4023	nm0711840
4701	nm0711840
8968	nm0711840
71823	nm0711840
54648	nm0711840
51080	nm0712753
6932	nm0712753
1103	nm0712947
6273	nm0712947
8618	nm0712947
25945	nm0712947
66547	nm0712947
1212	nm0715346
1951	nm0715346
8330	nm0715346
25930	nm0715346
32139	nm0715346
46664	nm0715346
26085	nm0715346
3882	nm0715636
64969	nm0715636
45501	nm0715636
6367	nm0715636
57368	nm0716257
112623	nm0716257
80831	nm0716257
88129	nm0716347
102684	nm0716347
70728	nm0716347
77201	nm0716347
51545	nm0716347
26947	nm0716347
34811	nm0716347
1289	nm0716585
5643	nm0716585
5684	nm0716585
65418	nm0716980
50259	nm0716980
85790	nm0716980
4784	nm0718554
5119	nm0718554
2078	nm0718627
2085	nm0718627
2096	nm0718627
3034	nm0718627
616	nm0718627
1023	nm0718627
31193	nm0718627
1025	nm0718627
1033	nm0718627
2090	nm0718627
85259	nm0718627
85316	nm0718627
2716	nm0718645
1663	nm0718645
440	nm0718645
3040	nm0718645
2717	nm0718645
4343	nm0718645
256	nm0718645
45732	nm0718645
7004	nm0718645
4558	nm0718645
1894	nm0718645
84374	nm0718645
56367	nm0718646
44195	nm0718646
72011	nm0718646
91622	nm0718646
79091	nm0719208
103335	nm0719208
93272	nm0719208
3134	nm0719756
6783	nm0719756
49355	nm0719756
32316	nm0719756
88163	nm0720135
74275	nm0720135
8197	nm0720297
26003	nm0720297
7068	nm0720297
5202	nm0720297
208	nm0721817
5064	nm0721817
1027	nm0721817
42728	nm0721817
1609	nm0721817
313	nm0723704
1033	nm0723704
2033	nm0723704
1948	nm0724798
26083	nm0724798
31420	nm0724938
65596	nm0724938
85354	nm0724938
3467	nm0728688
8772	nm0728688
4292	nm0728688
41226	nm0728688
6452	nm0728688
7334	nm0728688
5435	nm0728688
3501	nm0728688
5039	nm0730422
8169	nm0730422
1282	nm0730860
596	nm0730860
1029	nm0730860
2018	nm0730860
1024	nm0730860
1202	nm0732430
91128	nm0732430
4605	nm0732430
3557	nm0732430
4339	nm0733476
6064	nm0733476
6630	nm0733476
102123	nm0736622
119141	nm0736622
80969	nm0738796
5528	nm0738796
1885	nm0740400
34164	nm0740400
3987	nm0740400
249	nm0741262
1342	nm0741262
7561	nm0741262
1276	nm0742341
4830	nm0742341
1327	nm0742341
26462	nm0742819
1983	nm0742819
8643	nm0743093
33815	nm0743093
117	nm0743239
27006	nm0743239
5304	nm0744023
31973	nm0744023
3468	nm0744035
1942	nm0744035
52281	nm0744834
42723	nm0744834
6707	nm0744834
53435	nm0744834
8870	nm0747849
6810	nm0747849
3770	nm0747849
2166	nm0747849
20	nm0747849
5111	nm0747849
34153	nm0748066
101973	nm0748066
4956	nm0750701
436	nm0750701
367	nm0751080
4480	nm0751080
1970	nm0751080
786	nm0751080
5313	nm0751080
2890	nm0751102
81932	nm0751102
125	nm0751102
574	nm0751102
8910	nm0751102
97921	nm0751102
106916	nm0751102
3189	nm0751221
56915	nm0751221
5667	nm0751221
8908	nm0751221
110102	nm0751577
5636	nm0751577
45726	nm0751577
110102	nm0751648
5636	nm0751648
45726	nm0751648
58303	nm0752328
3892	nm0752328
27611	nm0753382
5128	nm0753382
610	nm0754678
631	nm0754678
3507	nm0757256
2870	nm0757256
2736	nm0757256
44022	nm0757858
32031	nm0757858
5218	nm0757858
86298	nm0757858
69644	nm0757858
8873	nm0758574
2357	nm0758574
34143	nm0758574
50912	nm0758574
6695	nm0759207
24	nm0759207
4744	nm0759207
45503	nm0759207
51705	nm0759270
33675	nm0759270
1184	nm0759368
7382	nm0759368
76093	nm0761498
5444	nm0761498
101142	nm0761498
945	nm0762263
3061	nm0762263
907	nm0762263
7050	nm0762263
1066	nm0762263
3384	nm0765121
26203	nm0765121
4124	nm0765121
27871	nm0765121
1282	nm0766402
2018	nm0766402
27647	nm0768249
30894	nm0768249
60007	nm0768249
2529	nm0769874
1272	nm0769874
3198	nm0769874
3204	nm0769874
26302	nm0770234
8496	nm0770234
8623	nm0770961
538	nm0770961
1425	nm0770961
252	nm0770961
71579	nm0771054
5051	nm0771054
7352	nm0771054
88179	nm0771054
1952	nm0772259
3551	nm0772259
728	nm0772259
3169	nm0772259
4687	nm0772259
3219	nm0772259
61	nm0772259
1161	nm0772522
6226	nm0772522
6678	nm0772522
55814	nm0773603
4021	nm0773603
851	nm0773603
2366	nm0774325
8295	nm0774325
2430	nm0774325
4211	nm0775447
3274	nm0775447
4082	nm0775447
5312	nm0775447
81229	nm0777881
37727	nm0777881
70599	nm0777881
2398	nm0780833
8920	nm0780833
2520	nm0780833
25764	nm0781292
25755	nm0781292
7293	nm0781842
370	nm0781842
333	nm0781842
33646	nm0781842
6287	nm0781842
60126	nm0781842
1390	nm0781842
3821	nm0781842
2369	nm0782384
3392	nm0782384
551	nm0783139
66097	nm0783139
661	nm0783139
4158	nm0783139
50798	nm0783536
57532	nm0783536
43919	nm0783536
4344	nm0784061
481	nm0784061
3717	nm0784061
83480	nm0784061
5617	nm0787601
49666	nm0787601
52975	nm0788202
65088	nm0788202
4069	nm0788202
95307	nm0788202
5066	nm0788202
32017	nm0788202
6212	nm0788202
42009	nm0788202
64575	nm0788234
5303	nm0788234
711	nm0788454
3835	nm0788454
1282	nm0789313
594	nm0789313
596	nm0789313
1029	nm0789313
1023	nm0789313
31193	nm0789313
26198	nm0789520
5836	nm0789520
3253	nm0790715
3679	nm0790715
3680	nm0790715
575	nm0790715
88	nm0790715
419	nm0790715
41716	nm0791672
55116	nm0791672
36708	nm0793804
85780	nm0793804
1969	nm0794791
3576	nm0794791
2762	nm0796117
5502	nm0796117
8783	nm0796117
45730	nm0796117
3994	nm0796117
60037	nm0796117
102880	nm0796117
78893	nm0796117
6944	nm0796124
5	nm0796124
8948	nm0796124
4080	nm0796124
6358	nm0796645
3599	nm0796645
59985	nm0796864
34540	nm0796864
4723	nm0796915
103279	nm0796915
4855	nm0796923
8340	nm0796923
2664	nm0796923
4710	nm0796923
26240	nm0796923
26283	nm0796923
6428	nm0796923
4501	nm0797526
2379	nm0797526
27706	nm0797869
158	nm0797869
1835	nm0797869
69278	nm0797869
5625	nm0797869
49284	nm0797869
4886	nm0798899
54272	nm0798899
59387	nm0802248
3863	nm0802248
90888	nm0802248
94015	nm0802248
27873	nm0802501
1361	nm0802501
6612	nm0802501
27329	nm0802501
7943	nm0802563
8768	nm0802563
3849	nm0802563
3417	nm0802563
4419	nm0802862
6031	nm0802862
4433	nm0802862
25993	nm0802862
4225	nm0803203
2618	nm0803203
1889	nm0804408
6222	nm0804408
4546	nm0806293
4808	nm0806293
8056	nm0806915
4916	nm0806915
27850	nm0807687
3007	nm0807687
73392	nm0807687
60684	nm0811583
103042	nm0811583
51662	nm0811583
7360	nm0811583
85510	nm0811583
80615	nm0811583
1683	nm0812200
346	nm0812200
4874	nm0812200
34532	nm0812200
65685	nm0812200
170	nm0812200
62155	nm0813164
6268	nm0813164
3997	nm0813309
45361	nm0813309
2617	nm0814085
4270	nm0814085
7454	nm0814085
362	nm0814085
70336	nm0814085
5076	nm0814085
1762	nm0814085
103984	nm0815204
90528	nm0815204
66744	nm0815204
52245	nm0817447
80166	nm0817447
108583	nm0818639
1760	nm0818639
5391	nm0819613
1875	nm0819613
114552	nm0820934
48414	nm0820934
5577	nm0824882
79588	nm0824882
68135	nm0824882
60939	nm0827750
104303	nm0827750
1033	nm0828245
2090	nm0828245
3871	nm0828419
7303	nm0828419
948	nm0828419
7584	nm0828419
3475	nm0828419
7840	nm0828419
7055	nm0828419
6228	nm0828419
31030	nm0828419
1028	nm0829038
1031	nm0829038
1012	nm0829038
2015	nm0829038
6983	nm0829038
1010	nm0829038
2043	nm0829038
1011	nm0829038
1018	nm0829038
73929	nm0829820
86835	nm0829820
58998	nm0831557
78209	nm0831557
94266	nm0831557
111113	nm0831557
1064	nm0832309
2092	nm0832309
56801	nm0833779
82095	nm0833779
56801	nm0833780
82095	nm0833780
1262	nm0836328
4327	nm0836328
8094	nm0836328
6356	nm0836328
1085	nm0836328
31255	nm0836328
3985	nm0836328
26528	nm0838195
74282	nm0838195
26631	nm0840905
4996	nm0840905
1446	nm0841232
5425	nm0841232
1013	nm0842582
7888	nm0842582
1014	nm0842582
2075	nm0843640
3720	nm0843640
8943	nm0843640
1286	nm0844358
1388	nm0844358
2399	nm0844358
5690	nm0847223
26743	nm0847223
32456	nm0847223
290	nm0848414
707	nm0848414
51412	nm0848414
1615	nm0848414
5872	nm0848414
4238	nm0848414
90914	nm0848414
33158	nm0848414
4967	nm0849786
7789	nm0849786
5460	nm0850733
97225	nm0850733
919	nm0851537
31260	nm0851537
2533	nm0852279
2789	nm0852279
4939	nm0852279
8235	nm0853130
25752	nm0853130
3181	nm0853380
5791	nm0853380
54190	nm0853380
2121	nm0853546
2787	nm0853546
2405	nm0853546
4207	nm0853546
3539	nm0854697
57845	nm0854697
6125	nm0854697
4587	nm0854697
2125	nm0855035
3155	nm0855035
1457	nm0855035
31685	nm0855035
5620	nm0855035
57951	nm0855035
75805	nm0855035
1476	nm0858525
3534	nm0858525
585	nm0858525
5803	nm0858525
1911	nm0858525
47122	nm0858525
919	nm0861703
7832	nm0861703
8661	nm0861703
69644	nm0862211
95543	nm0862211
82744	nm0863387
3980	nm0863387
65810	nm0863387
112	nm0867262
1429	nm0867262
861	nm0867262
1172	nm0868153
3992	nm0868153
2691	nm0868153
26875	nm0868153
103235	nm0868153
48394	nm0868219
7373	nm0868219
57640	nm0868219
5254	nm0868219
4902	nm0868219
103228	nm0868219
1603	nm0868219
565	nm0868219
2066	nm0869664
7713	nm0869664
7883	nm0869664
31950	nm0869664
4116	nm0870186
4102	nm0870186
58103	nm0871428
96737	nm0871428
48322	nm0871860
81156	nm0871860
5785	nm0871860
80139	nm0871860
106062	nm0871860
595	nm0873779
783	nm0873779
4366	nm0873779
64249	nm0873779
5410	nm0874320
5054	nm0874320
62336	nm0875453
27156	nm0875453
70533	nm0875453
84187	nm0875453
68945	nm0875453
39414	nm0875793
77359	nm0875793
2442	nm0875793
73319	nm0875793
3300	nm0878638
5663	nm0878638
8371	nm0878638
748	nm0878638
70208	nm0878638
104243	nm0878638
2692	nm0878756
4380	nm0878756
48997	nm0878756
97752	nm0878756
50912	nm0878756
66198	nm0878756
5633	nm0878756
90600	nm0878763
116797	nm0878763
6659	nm0881038
3466	nm0881038
2429	nm0881038
5523	nm0881038
4321	nm0881038
6377	nm0881279
4886	nm0881279
3114	nm0881279
78499	nm0881279
106100	nm0885249
40870	nm0885249
68269	nm0885249
118900	nm0885249
950	nm0886754
7834	nm0886754
7831	nm0886754
49412	nm0886754
7833	nm0886754
4498	nm0887174
4714	nm0887174
27828	nm0887452
65142	nm0887452
3645	nm0889513
4237	nm0889513
3637	nm0889513
51694	nm0891114
59421	nm0891114
76251	nm0891216
54259	nm0891216
87232	nm0891216
27831	nm0891216
119145	nm0891216
2696	nm0891554
4381	nm0891554
53578	nm0891554
31123	nm0891554
7649	nm0892144
7810	nm0892144
62834	nm0892144
6539	nm0893659
45722	nm0893659
5679	nm0893659
53125	nm0893659
84944	nm0893659
1713	nm0893659
4161	nm0893659
39444	nm0893659
103384	nm0893659
2940	nm0896533
4188	nm0896533
919	nm0896542
25766	nm0896542
32349	nm0896542
7581	nm0896542
25805	nm0897118
8601	nm0897118
86781	nm0898288
104879	nm0898288
108729	nm0898288
2360	nm0899121
96829	nm0899121
84775	nm0899121
33421	nm0899121
8724	nm0899581
31309	nm0899581
6684	nm0899581
187	nm0902939
1919	nm0902939
6060	nm0902939
4970	nm0903049
4330	nm0903049
2571	nm0905152
866	nm0905152
6365	nm0905152
97752	nm0905152
6934	nm0905152
59037	nm0905152
2571	nm0905154
866	nm0905154
6365	nm0905154
97752	nm0905154
6934	nm0905154
59037	nm0905154
36533	nm0905592
58627	nm0905592
104241	nm0905592
63131	nm0906476
4649	nm0906476
55020	nm0906476
94953	nm0906476
39400	nm0906548
2840	nm0906548
2036	nm0906548
7238	nm0906667
7241	nm0906667
60503	nm0906667
5937	nm0906667
1801	nm0908824
5152	nm0908824
80839	nm0908824
26693	nm0908890
1984	nm0908890
8491	nm0909825
25855	nm0909825
7302	nm0909825
7219	nm0909825
3406	nm0909825
7216	nm0909825
938	nm0910199
25937	nm0910199
6357	nm0910199
194	nm0911061
1678	nm0911061
31700	nm0911061
156	nm0911061
3051	nm0911061
5943	nm0911061
42732	nm0911061
4623	nm0911486
135	nm0911486
26870	nm0911486
8710	nm0911910
2297	nm0911910
6283	nm0913860
27660	nm0913860
108979	nm0913860
7451	nm0914132
6593	nm0914132
58105	nm0914132
1648	nm0914132
36525	nm0914132
69606	nm0914132
4141	nm0914132
93297	nm0915304
109850	nm0915304
50804	nm0916424
7151	nm0916424
32031	nm0917188
5218	nm0917188
102720	nm0917188
432	nm0917992
59333	nm0917992
65133	nm0917992
1588	nm0918873
2042	nm0918873
6702	nm0918873
2706	nm0919363
5377	nm0919363
56171	nm0919363
72407	nm0919363
4153	nm0919363
2706	nm0919369
5377	nm0919369
30822	nm0919369
72165	nm0919369
4153	nm0919369
82852	nm0919369
45106	nm0919369
7056	nm0920074
7218	nm0920074
25839	nm0920074
1925	nm0920074
31528	nm0920074
106841	nm0920274
82534	nm0920274
2394	nm0920425
5171	nm0920425
2142	nm0920425
13	nm0920425
2238	nm0921631
2239	nm0921631
43904	nm0922346
85020	nm0922346
1552	nm0922346
4367	nm0922346
91485	nm0922346
2688	nm0922346
47778	nm0922903
117881	nm0922903
34405	nm0923736
89745	nm0923736
66934	nm0923736
103027	nm0923736
63859	nm0930261
115617	nm0930261
8532	nm0931095
81417	nm0931095
62970	nm0932216
72982	nm0932216
2378	nm0933505
6992	nm0933505
2496	nm0933505
830	nm0933505
5903	nm0934483
43928	nm0934483
26649	nm0934578
455	nm0934578
9004	nm0934578
26750	nm0934578
761	nm0934578
4203	nm0934578
688	nm0934578
4254	nm0934578
7444	nm0935095
49647	nm0935095
65585	nm0935095
78316	nm0935095
5485	nm0935095
3430	nm0935382
5692	nm0935382
5508	nm0935863
43460	nm0935863
46559	nm0935863
53921	nm0935863
78679	nm0935863
8800	nm0935863
83976	nm0935863
38388	nm0935863
1056	nm0935863
33585	nm0935863
595	nm0936374
783	nm0936374
4366	nm0936374
1035	nm0936404
1947	nm0936404
1253	nm0936404
6303	nm0936404
5177	nm0936404
2550	nm0936404
2670	nm0936404
8752	nm0936404
4337	nm0936404
1337	nm0936404
1371	nm0936404
53972	nm0936482
6754	nm0936482
42738	nm0936482
95875	nm0936482
4887	nm0939128
43679	nm0939128
67867	nm0939128
3409	nm0939128
4144	nm0939182
27266	nm0939182
123	nm0939182
1757	nm0939182
7486	nm0939182
26713	nm0939182
757	nm0939182
56389	nm0939182
920	nm0939992
7132	nm0939992
8542	nm0939992
7311	nm0939992
5644	nm0939992
897	nm0939992
8874	nm0942367
51255	nm0942367
79702	nm0942367
52281	nm0942367
103341	nm0942367
40629	nm0942504
55052	nm0942504
86190	nm0942504
68932	nm0942504
97936	nm0942504
94466	nm0942504
1287	nm0943758
916	nm0943758
1939	nm0943758
25856	nm0943758
4912	nm0943758
8459	nm0943758
25865	nm0943758
7114	nm0943758
7078	nm0943758
1936	nm0943758
5963	nm0943758
4801	nm0943758
4999	nm0943758
3368	nm0943758
4046	nm0943758
25835	nm0943758
51638	nm0943758
8033	nm0943758
55895	nm0943758
25971	nm0943758
456	nm0945026
3916	nm0945026
6619	nm0945026
94405	nm0945026
54001	nm0946734
69844	nm0946734
88125	nm0946734
81834	nm0946734
34552	nm0946734
7076	nm0946811
3359	nm0946811
8379	nm0946811
4275	nm0946811
65514	nm0948159
79553	nm0948159
2949	nm0950109
2948	nm0950109
2993	nm0950109
6639	nm0950109
3298	nm0950226
39449	nm0950226
6615	nm0950553
2315	nm0950553
46322	nm0950553
5678	nm0950553
2924	nm0950759
4846	nm0950759
26842	nm0950759
26413	nm0950759
3054	nm0951197
3799	nm0951197
7090	nm0955443
8983	nm0955443
1280	nm0955443
50005	nm0955443
326	nm0955443
6668	nm0955443
26694	nm0955443
3289	nm0955443
26788	nm0955443
2972	nm0955443
92243	nm0955443
30	nm0955443
5970	nm0956052
1135	nm0956052
4585	nm0956052
5969	nm0956052
52281	nm0957772
34323	nm0957772
6290	nm0957772
54785	nm0957772
2791	nm0958387
587	nm0958387
5500	nm0958387
2463	nm0958387
168	nm0958387
4728	nm0958387
6624	nm0958969
79224	nm0958969
4267	nm0958969
66798	nm0958969
7484	nm0959020
8797	nm0959020
4641	nm0959062
6957	nm0959062
162	nm0959062
45440	nm0959062
1274	nm0960028
31660	nm0960028
32554	nm0960028
4850	nm0960028
8426	nm0960028
71254	nm0962729
47200	nm0962729
68205	nm0962729
8360	nm0970447
67408	nm0970447
95105	nm0970447
6331	nm0998825
54745	nm0998825
4783	nm1000159
7225	nm1000159
27456	nm1000159
88744	nm1012501
66156	nm1012501
6963	nm1013671
83293	nm1013671
60766	nm1016428
89260	nm1016428
77330	nm1016428
117176	nm1016428
6063	nm1031246
62235	nm1031246
8464	nm1041597
89074	nm1041597
61071	nm1065402
43684	nm1065402
5792	nm1071898
8919	nm1071898
93988	nm1093053
106441	nm1093053
8528	nm1098493
104211	nm1098493
85007	nm1102140
97328	nm1102140
5572	nm1103162
34150	nm1103162
53464	nm1103162
8912	nm1103162
8014	nm1104118
30803	nm1104118
50517	nm1104118
33487	nm1104118
5526	nm1104118
33592	nm1104118
69988	nm1119645
95135	nm1119645
27584	nm1125131
52606	nm1125131
33004	nm1134029
59141	nm1134029
39446	nm1135423
48877	nm1135423
55577	nm1135423
65868	nm1135423
47610	nm1139726
84152	nm1139726
108190	nm1139726
80862	nm1160962
90469	nm1160962
54881	nm1164861
87869	nm1164861
64032	nm1164861
100390	nm1164861
90439	nm1170855
105954	nm1170855
6880	nm1197971
66783	nm1197971
52460	nm1197971
89190	nm1197971
48872	nm1201875
82244	nm1201875
57534	nm1219963
53326	nm1219963
66090	nm1220140
94466	nm1220140
92422	nm1220140
67408	nm1224299
8907	nm1224299
8947	nm1234345
27772	nm1234345
48591	nm1234345
77364	nm1234893
50158	nm1234893
47937	nm1247462
74228	nm1247462
81516	nm1247462
59519	nm1258686
90947	nm1258686
59995	nm1259871
7364	nm1259871
27801	nm1272773
66130	nm1272773
45183	nm1272773
6380	nm1285613
82378	nm1285613
33830	nm1286340
32300	nm1286340
56339	nm1291105
99145	nm1291105
73268	nm1294961
8578	nm1294961
114935	nm1294961
73268	nm1294962
8578	nm1294962
114935	nm1294962
72367	nm1302591
92509	nm1302591
48698	nm1332844
97395	nm1332844
56174	nm1349376
31696	nm1349376
106487	nm1349376
116823	nm1349376
86548	nm1349376
89864	nm1349522
60293	nm1349522
99007	nm1349522
80693	nm1349818
67223	nm1349818
93831	nm1375358
59022	nm1375358
93831	nm1376383
59022	nm1376383
64993	nm1396121
42422	nm1396121
69574	nm1400426
82152	nm1400426
56251	nm1401752
62956	nm1401752
89759	nm1410815
102753	nm1410815
76111	nm1410815
80862	nm1413364
90469	nm1413364
33164	nm1429471
70159	nm1429471
84601	nm1429471
109578	nm1429471
97057	nm1461392
43419	nm1461392
70451	nm1461392
62376	nm1481493
46948	nm1481493
8957	nm1490123
51927	nm1490123
54787	nm1490123
85788	nm1490123
103688	nm1490123
104908	nm1490123
8914	nm1503403
99917	nm1503403
68237	nm1512910
85414	nm1512910
87234	nm1547964
105835	nm1547964
68347	nm1560977
85438	nm1560977
60397	nm1630273
91890	nm1630273
97057	nm1650283
43419	nm1650283
70451	nm1650283
54256	nm1676223
95720	nm1676223
102123	nm1698571
119141	nm1698571
44974	nm1720541
55282	nm1720541
94466	nm1720541
78772	nm1720541
58806	nm1729171
109673	nm1729171
64114	nm1731937
93265	nm1731937
48711	nm1731937
57669	nm1732981
97306	nm1732981
94126	nm1742427
114060	nm1742427
96314	nm1767218
74573	nm1767218
111921	nm1837748
103606	nm1837748
53121	nm1844237
90647	nm1844237
79091	nm1853544
103335	nm1853544
6283	nm1988172
5069	nm1988172
108979	nm1988172
69757	nm1989536
95510	nm1989536
110553	nm1989536
39052	nm1993322
93805	nm1993322
98604	nm2066439
52806	nm2066439
67695	nm2095817
61678	nm2095817
93838	nm2153088
110501	nm2153088
90057	nm2158772
60735	nm2158772
102194	nm2158772
80917	nm2284484
111364	nm2284484
71129	nm2304017
80469	nm2304017
90603	nm2304017
115617	nm2320658
88267	nm2320658
80906	nm2480587
55071	nm2480587
69275	nm2482088
100163	nm2482088
90531	nm2588606
64197	nm2588606
105844	nm2588606
89039	nm2648685
112804	nm2648685
82461	nm2676052
101864	nm2676052
84273	nm2879822
58376	nm2879822
65225	nm2879822
2394	nm9054338
55768	nm9054338
